state_code,labels,age_first_funding_year,age_last_funding_year,age_first_milestone_year,age_last_milestone_year,relationships,funding_rounds,funding_total_usd,milestones,is_CA,is_NY,is_MA,is_TX,is_otherstate,is_software,is_web,is_mobile,is_enterprise,is_advertising,is_gamesvideo,is_ecommerce,is_biotech,is_consulting,is_othercategory,has_VC,has_angel,has_roundA,has_roundB,has_roundC,has_roundD,avg_participants,is_top500,funding_velocity,funding_per_round,milestone_rate,regulatory_risk_flag,churn_risk_flag
CA,1,2.2493,3.0027,4.6685,6.7041,3,3,375000,3,1,0,0,0,0,0,0,0,0,0,0,0,0,0,1,0,1,0,0,0,0,1.0,0,439418.79540660884,125000.0,1.4047574452144593,0,0
CA,1,5.126,9.9973,7.0055,7.0055,9,4,40100000,1,1,0,0,0,0,0,0,0,1,0,0,0,0,0,0,1,0,0,1,1,1,4.75,1,8066300.565244506,10025000.0,10.0,0,0
CA,1,1.0329,1.0329,1.4575,2.2055,5,1,2600000,2,1,0,0,0,0,0,1,0,0,0,0,0,0,0,0,0,0,1,0,0,0,4.0,1,26000000.0,2600000.0,2.3584905660377364,0,1
CA,1,3.1315,5.3151,6.0027,6.0027,5,3,40000000,1,1,0,0,0,0,1,0,0,0,0,0,0,0,0,0,0,0,0,1,1,1,3.3333,1,17516202.48730075,13333333.333333334,10.0,0,0
CA,0,0.0,1.6685,0.0384,0.0384,2,2,1300000,1,1,0,0,0,0,0,0,0,0,0,1,0,0,0,0,1,1,0,0,0,0,1.0,1,735086.2312694374,650000.0,10.0,0,0
CA,0,4.5452,4.5452,5.0027,5.0027,3,1,7500000,1,1,0,0,0,0,0,0,0,0,0,0,0,0,0,1,0,0,0,1,0,0,3.0,1,75000000.0,7500000.0,10.0,0,0
CA,1,1.7205,5.211,3.0,6.6082,6,3,26000000,2,1,0,0,0,0,1,0,0,0,0,0,0,0,0,0,1,0,1,1,0,0,1.6667,1,7241331.290906558,8666666.666666666,0.5393452348848498,0,0
CA,1,1.6466,6.7616,5.6055,7.3616,25,3,34100000,3,1,0,0,0,0,0,0,0,0,0,0,0,0,0,1,0,0,1,1,0,1,3.5,1,6538830.2972195605,11366666.666666666,1.6162922256343946,0,0
MA,1,3.5863,11.1123,8.0055,9.9945,13,3,9650000,4,0,0,1,0,0,0,0,1,0,0,0,0,0,0,0,1,0,1,0,0,1,4.0,1,1265407.8153684763,3216666.6666666665,1.9147917663954037,0,0
CA,1,1.6712,4.6849,2.9178,6.1151,14,3,5750000,4,1,0,0,0,0,0,1,0,0,0,0,0,0,0,0,1,1,1,0,0,0,1.0,1,1846677.5861515237,1916666.6666666667,1.2131137597428199,0,1
CA,1,4.6274,9.4493,10.1342,10.6493,22,3,27500000,3,1,0,0,0,0,0,0,1,0,0,0,0,0,0,0,0,0,1,1,0,0,1.0,1,5587273.207501169,9166666.666666666,4.877255730775481,0,0
CA,0,1.0849,5.337,-0.6164,4.6082,8,5,10400000,2,1,0,0,0,0,0,1,0,0,0,0,0,0,0,0,1,1,1,0,0,0,1.75,1,2389650.9730934496,2080000.0,0.37561506967659547,0,1
KY,0,4.9041,4.9041,0.0,0.0,0,1,350000,0,0,0,0,0,1,0,1,0,0,0,0,0,0,0,0,1,0,0,0,0,0,1.0,0,3500000.0,350000.0,0.0,0,1
NY,1,0.0192,2.4356,0.7945,4.3781,15,3,9950000,3,0,1,0,0,0,0,0,0,0,0,0,0,0,0,1,0,0,1,1,1,0,2.3333,1,3954061.357494834,3316666.6666666665,0.8144206754262135,0,0
CO,1,4.6658,8.9973,8.8384,8.8384,12,5,10700000,1,0,0,0,0,1,1,0,0,0,0,0,0,0,0,0,0,0,1,1,0,0,2.5,1,2414532.3253977215,2140000.0,10.0,0,0
VA,0,6.6082,6.6082,0.0,0.0,0,1,200000,0,0,0,0,0,1,0,0,0,0,0,0,0,0,0,1,1,0,0,0,0,0,1.0,0,2000000.0,200000.0,0.0,0,0
CA,0,2.5863,6.7644,5.5014,5.5014,8,5,49000000,1,1,0,0,0,0,0,0,0,0,0,0,0,0,0,1,1,0,1,1,1,1,3.5,1,11453682.709614081,9800000.0,10.0,0,0
CA,1,4.5918,7.1726,-0.4986,12.6795,7,4,25000000,3,1,0,0,0,0,0,0,0,0,0,1,0,0,0,0,0,0,1,1,1,1,3.5,1,9325574.455386452,6250000.0,0.22593593962991693,0,0
NY,1,0.7425,1.5808,1.2849,3.0027,10,3,4575000,3,0,1,0,0,0,0,1,0,0,0,0,0,0,0,0,0,1,1,0,0,0,5.0,1,4875839.283811148,1525000.0,1.6503465727802837,0,1
CA,0,2.5014,2.8301,3.0877,3.4932,13,2,28000000,3,1,0,0,0,0,0,0,0,1,0,0,0,0,0,0,0,0,1,1,0,0,1.0,1,65313739.21156987,14000000.0,5.934718100890208,0,0
TX,1,2.2137,3.7863,4.0877,9.4986,8,2,4355000,3,0,0,0,1,0,1,0,0,0,0,0,0,0,0,0,0,1,1,0,0,0,1.5,0,2603730.718641635,2177500.0,0.544375691810775,0,0
WA,0,3.8329,3.8329,3.7507,3.7507,3,1,15000000,1,0,0,0,0,1,0,0,0,0,0,0,0,0,0,1,0,0,0,1,0,0,2.0,1,150000000.0,15000000.0,10.0,0,0
CA,0,5.4904,5.4904,0.0,0.0,1,1,3170000,1,1,0,0,0,0,0,1,0,0,0,0,0,0,0,0,0,0,1,0,0,0,2.0,0,31700000.0,3170000.0,10.0,0,1
CA,0,-1.0,3.3151,3.6959,5.663,4,2,2300000,3,1,0,0,0,0,0,0,1,0,0,0,0,0,0,0,0,1,1,0,0,0,2.0,0,520939.5030690132,1150000.0,1.4513085965845869,0,0
CO,0,0.2521,0.337,0.0,0.0,5,2,455000,0,0,0,0,0,1,0,0,0,0,0,0,0,0,0,1,0,1,1,0,0,0,4.5,1,2460789.616008653,227500.0,0.0,0,0
IL,1,4.8411,4.8411,1.0,1.0,3,1,13000000,1,0,0,0,0,1,1,0,0,0,0,0,0,0,0,0,0,0,0,0,1,0,4.0,1,130000000.0,13000000.0,10.0,0,0
CA,1,4.0603,4.0603,3.0027,3.0027,7,1,15000000,1,1,0,0,0,0,0,0,0,0,0,0,0,0,0,1,0,0,0,0,1,0,4.0,1,150000000.0,15000000.0,10.0,0,0
CA,1,4.0685,4.0685,3.4192,5.2301,2,1,3800000,3,1,0,0,0,0,0,0,0,0,0,0,0,0,0,1,0,0,0,1,0,0,2.0,1,38000000.0,3800000.0,1.5699408655607303,0,0
TX,1,2.5068,4.5315,4.9315,5.6767,37,5,299500000,2,0,0,0,1,0,0,1,0,0,0,0,0,0,0,0,1,0,1,0,1,0,1.75,1,140961076.85790932,59900000.0,2.366303833412209,0,1
CA,1,1.189,1.189,2.189,7.7753,5,1,1000000,3,1,0,0,0,0,0,0,0,0,0,0,0,0,0,1,1,0,0,0,0,0,2.0,1,10000000.0,1000000.0,0.5275838418655365,0,0
CA,0,1.3534,2.1644,4.5178,4.5178,3,2,10500000,1,1,0,0,0,0,0,0,0,0,0,0,0,0,0,1,0,0,1,1,0,0,2.0,1,11525795.828759603,5250000.0,10.0,0,0
WA,1,4.1534,5.1671,3.0,3.0,6,2,8600000,1,0,0,0,0,1,0,0,0,0,0,0,0,0,0,1,1,0,0,1,0,0,1.5,1,7722007.722007727,4300000.0,10.0,0,0
NC,0,-0.1671,2.0192,0.0,0.0,9,2,5000000,0,0,0,0,0,1,1,0,0,0,0,0,0,0,0,0,0,0,1,1,0,0,2.5,1,2186939.596728338,2500000.0,0.0,0,0
CA,1,0.0,0.8685,0.4137,2.1671,3,2,2304999,2,1,0,0,0,0,0,0,1,0,0,0,0,0,0,0,1,0,0,0,0,0,5.0,1,2379967.991739804,1152499.5,1.0790978741771877,0,0
PA,0,0.0822,0.0822,0.0,0.0,2,1,25000,0,0,0,0,0,1,0,0,0,0,0,0,0,0,0,1,0,1,0,0,0,0,1.0,0,250000.0,25000.0,0.0,0,0
NY,0,2.6575,2.6575,0.0,0.0,1,1,4000000,1,0,1,0,0,0,1,0,0,0,0,0,0,0,0,0,0,0,0,1,0,0,1.0,1,40000000.0,4000000.0,10.0,0,0
CA,0,0.6192,1.5945,1.0,4.3315,8,2,14600000,3,1,0,0,0,0,1,0,0,0,0,0,0,0,0,0,0,0,1,1,0,0,2.0,1,13577606.249418765,7300000.0,0.8742532420224391,0,0
CA,0,1.063,5.7014,0.0,0.0,0,3,44000000,0,1,0,0,0,0,0,0,0,0,0,0,0,0,0,1,0,0,0,1,1,0,4.5,1,9285834.88097248,14666666.666666666,0.0,0,0
CA,1,0.1671,2.6493,0.6082,4.7507,10,3,1822922,3,1,0,0,0,0,0,0,0,0,0,0,1,0,0,0,0,1,1,0,0,0,2.3333,1,705956.9359460924,607640.6666666666,0.7071302298173248,0,1
NY,1,0.0,5.9041,3.8411,7.137,18,7,29915001,5,0,1,0,0,0,0,0,0,0,1,0,0,0,0,0,1,1,1,1,1,0,2.75,1,4982428.840292468,4273571.571428572,1.4723637327365353,0,0
GA,1,0.0,4.8027,3.7205,7.6164,26,4,33000000,5,0,0,0,0,1,0,0,0,1,0,0,0,0,0,0,0,0,1,1,1,0,3.0,1,6730984.967466907,8250000.0,1.2512825646287444,0,0
NH,1,0.0,0.5836,0.5836,0.5945,9,2,125000,2,0,0,0,0,1,0,0,1,0,0,0,0,0,0,0,0,1,0,0,0,0,1.0,0,182855.4710356934,62500.0,18.03426510369702,0,0
CA,0,0.1041,2.3863,2.3315,2.7918,7,2,4000000,2,1,0,0,0,0,0,0,0,0,0,0,0,0,0,1,1,0,1,0,0,0,1.0,1,1679120.1410460917,2000000.0,3.569516330537214,0,0
WA,1,3.4904,3.4904,5.6603,8.3425,10,1,10000000,3,0,0,0,0,1,0,0,0,1,0,0,0,0,0,0,0,0,0,0,1,0,2.0,1,100000000.0,10000000.0,1.0782833728703907,0,0
CA,1,4.6658,4.6658,8.7425,10.2247,25,1,6000000,4,1,0,0,0,0,0,0,0,0,1,0,0,0,0,0,0,0,0,0,1,0,3.0,1,60000000.0,6000000.0,2.528125395019592,0,0
CA,1,2.6247,2.6247,0.0,0.0,4,1,25000000,0,1,0,0,0,0,1,0,0,0,0,0,0,0,0,0,0,0,0,1,0,0,5.0,1,250000000.0,25000000.0,0.0,0,0
NY,1,0.926,2.9534,0.8329,2.7425,2,3,3750000,3,0,1,0,0,0,0,0,0,0,0,0,0,0,0,1,0,1,1,0,0,0,2.0,1,1762715.0512362511,1250000.0,1.4928343949044585,0,0
MA,1,0.2466,0.2466,1.1178,1.663,9,1,3000000,2,0,0,1,0,0,1,0,0,0,0,0,0,0,0,0,0,0,1,0,0,0,1.0,1,30000000.0,3000000.0,3.0998140111593298,0,0
CA,1,0.189,1.189,1.3562,1.6575,6,2,1155000,2,1,0,0,0,0,1,0,0,0,0,0,0,0,0,0,0,1,0,0,0,0,9.5,1,1050000.0,577500.0,4.9838026414154015,0,0
CA,1,3.2082,3.2082,5.2548,7.8822,11,1,10000000,2,1,0,0,0,0,1,0,0,0,0,0,0,0,0,0,0,0,0,0,0,1,2.0,1,100000000.0,10000000.0,0.7332991127080737,0,0
CA,1,2.5836,2.5836,2.0,2.0,5,1,3000000,1,1,0,0,0,0,0,1,0,0,0,0,0,0,0,0,0,0,1,0,0,0,1.0,1,30000000.0,3000000.0,10.0,0,1
MA,1,1.8932,2.4466,2.0,3.2767,4,2,11500000,3,0,0,1,0,0,0,0,1,0,0,0,0,0,0,0,0,0,0,0,0,0,1.0,1,17600244.872972142,5750000.0,2.1791239921551537,0,0
TX,1,0.7479,0.7479,4.0493,8.3233,12,1,5000000,5,0,0,0,1,0,0,1,0,0,0,0,0,0,0,0,0,0,1,0,0,0,3.0,1,50000000.0,5000000.0,1.1431184270690444,0,1
MA,1,5.1863,6.8137,7.3342,7.3342,9,2,29000000,1,0,0,1,0,0,0,0,0,0,0,0,0,0,0,1,1,0,0,0,0,1,5.0,1,16788236.656246383,14500000.0,10.0,0,0
CA,1,0.6712,6.2329,4.0493,7.5973,37,6,34700000,4,1,0,0,0,0,0,0,0,1,0,0,0,0,0,0,1,1,1,1,1,1,5.0,1,6128901.213416466,5783333.333333333,1.0964912280701753,0,0
CA,0,1.1863,3.4986,0.0,0.0,0,2,12050000,0,1,0,0,0,0,1,0,0,0,0,0,0,0,0,0,1,0,1,0,0,0,2.0,1,4995232.765410603,6025000.0,0.0,0,0
CA,1,2.1644,4.7616,4.0027,6.7534,13,3,12000000,2,1,0,0,0,0,0,0,0,0,0,0,0,0,0,1,1,0,1,1,0,0,2.0,1,4449058.282663504,4000000.0,0.7015820675623531,0,0
CA,1,4.1041,4.1041,1.9151,1.9151,18,1,5500000,1,1,0,0,0,0,0,0,0,0,0,0,0,0,1,0,0,0,0,0,1,0,2.0,1,55000000.0,5500000.0,10.0,0,0
CA,1,1.989,4.1534,2.8986,5.2575,10,3,24000000,4,1,0,0,0,0,1,0,0,0,0,0,0,0,0,0,0,0,1,1,0,0,3.3333,1,10598834.12824589,8000000.0,1.6267436658668508,0,0
MO,1,5.2027,6.189,7.5068,12.8932,6,2,10000000,2,0,0,0,0,1,0,0,1,0,0,0,0,0,0,0,0,0,1,1,0,0,4.5,1,9205560.158335634,5000000.0,0.3645377661125693,0,0
MA,0,2.7836,10.9507,-1.9151,-1.9151,10,3,19009671,1,0,0,1,0,0,0,0,0,0,0,0,0,1,0,0,0,0,0,1,0,0,2.0,1,2299436.4408317306,6336557.0,10.0,1,0
CA,0,3.4986,3.4986,3.0,3.0,6,1,5000000,1,1,0,0,0,0,0,0,0,0,0,0,0,0,0,1,0,0,1,0,0,0,1.0,1,50000000.0,5000000.0,10.0,0,0
WA,1,4.0466,9.3041,6.0027,6.0027,2,5,18914576,1,0,0,0,0,1,0,0,0,1,0,0,0,0,0,0,1,0,0,0,1,0,3.0,1,3530485.4876341578,3782915.2,10.0,0,0
FL,0,6.3726,6.3726,0.0,0.0,0,1,4000000,0,0,0,0,0,1,1,0,0,0,0,0,0,0,0,0,1,0,0,0,0,0,3.0,0,40000000.0,4000000.0,0.0,0,0
MA,1,1.326,2.7836,1.674,3.1342,5,3,2030882,2,0,0,1,0,0,1,0,0,0,0,0,0,0,0,0,0,0,1,0,0,0,3.0,1,1303853.3641499744,676960.6666666666,1.281886937572106,0,0
CA,1,2.6438,2.6438,0.0,7.3918,4,1,5000000,2,1,0,0,0,0,0,0,0,0,0,0,0,0,0,1,0,0,0,1,0,0,1.0,1,50000000.0,5000000.0,0.26695854133853014,0,0
WA,0,1.0877,1.0877,0.0,0.0,5,1,20500000,0,0,0,0,0,1,1,0,0,0,0,0,0,0,0,0,1,0,0,0,0,0,4.0,1,205000000.0,20500000.0,0.0,0,0
CO,1,3.9616,6.5205,4.5781,7.6877,4,2,13250000,4,0,0,0,0,1,0,0,0,0,1,0,0,0,0,0,1,0,0,0,0,0,2.0,0,4983263.755688442,6625000.0,1.246261216350947,0,0
CA,1,7.2548,7.2548,7.0055,7.0055,7,1,12000000,1,1,0,0,0,0,0,0,0,0,0,0,0,0,0,1,0,0,0,0,0,0,2.0,1,120000000.0,12000000.0,10.0,0,0
CA,1,1.3342,3.0247,3.0219,3.337,9,3,11489687,2,1,0,0,0,0,0,0,0,0,1,0,0,0,0,0,0,1,1,1,0,0,3.3333,1,6417027.087405751,3829895.6666666665,4.818116116598408,0,0
CA,1,0.6795,0.6795,2.9178,4.2274,15,1,4000000,3,1,0,0,0,0,0,1,0,0,0,0,0,0,0,0,0,0,1,0,0,0,3.0,1,40000000.0,4000000.0,2.128263337116912,0,1
CA,1,-0.0301,-0.0301,0.137,0.137,3,1,355000,1,1,0,0,0,0,1,0,0,0,0,0,0,0,0,0,0,1,0,0,0,0,1.0,0,3550000.0,355000.0,10.0,0,0
FL,1,0.0,0.2466,2.4164,5.3151,10,2,118000,3,0,0,0,0,1,0,1,0,0,0,0,0,0,0,0,0,1,0,0,0,0,1.5,1,340450.08655510674,59000.0,1.0004335211925166,0,1
CA,1,1.6685,9.337,7.3808,10.474,17,4,40400000,3,1,0,0,0,0,0,0,0,0,1,0,0,0,0,0,0,0,1,1,1,1,1.6667,1,5200489.154920513,10100000.0,0.9394964299135662,0,0
TX,0,1.8055,1.8055,0.0,0.0,1,1,3000000,0,0,0,0,1,0,1,0,0,0,0,0,0,0,0,0,0,0,1,0,0,0,1.0,1,30000000.0,3000000.0,0.0,0,0
CA,0,2.6986,4.0027,1.0,1.0,2,2,19700000,1,1,0,0,0,0,1,0,0,0,0,0,0,0,0,0,1,0,0,1,0,0,4.0,1,14030339.719393205,9850000.0,10.0,0,0
CA,0,9.1671,9.1973,0.0,0.0,0,2,17800000,0,1,0,0,0,0,1,0,0,0,0,0,0,0,0,0,1,0,0,0,0,0,1.0,1,136712749.61597472,8900000.0,0.0,0,0
CA,1,0.011,2.0986,3.0904,3.7836,12,3,57500000,3,1,0,0,0,0,0,0,0,0,0,0,0,0,0,1,0,1,1,1,0,0,4.0,1,26284512.707990494,19166666.666666668,3.7821482602118004,0,0
NY,1,0.6658,3.0384,2.0,5.0548,10,3,17200000,5,0,1,0,0,0,0,0,0,0,0,1,0,0,0,0,0,0,1,1,1,0,2.6667,1,6956240.394726198,5733333.333333333,1.5848865221250157,0,0
MA,0,-0.5836,1.3425,0.0,1.5479,4,7,457282,2,0,0,1,0,0,0,0,1,0,0,0,0,0,0,0,1,1,0,0,0,0,1.0,1,225695.67148709344,65326.0,1.213665877783846,0,0
CA,1,-0.0219,2.0329,2.3151,3.1644,11,4,18500000,3,1,0,0,0,0,0,0,1,0,0,0,0,0,0,0,0,1,1,1,0,0,2.25,1,8585483.571561165,4625000.0,3.16022332244812,0,0
NJ,0,2.0466,2.0466,0.0,0.0,2,1,12000000,0,0,0,0,0,1,0,0,0,0,0,0,0,0,0,1,0,0,1,0,0,0,6.0,1,120000000.0,12000000.0,0.0,0,0
CO,0,3.5123,3.9562,3.9534,4.8356,5,2,510000000,3,0,0,0,0,1,0,0,0,0,0,0,0,0,0,1,1,0,0,0,0,0,2.5,1,937672366.2437953,255000000.0,3.054367745876602,0,0
CA,1,3.9342,4.6822,4.0027,4.0027,3,2,18250000,1,1,0,0,0,0,0,0,0,0,0,0,0,0,0,1,0,0,1,1,0,0,2.5,1,21521226.415094346,9125000.0,10.0,0,0
NY,1,2.1616,5.6384,3.8329,7.6932,13,4,41500019,5,0,1,0,0,0,0,0,0,0,0,0,0,0,0,1,0,0,0,0,1,0,4.0,1,11602555.077163946,10375004.75,1.2625306163674468,0,0
WV,0,5.4411,5.4411,0.0,0.0,1,1,1000000,0,0,0,0,0,1,1,0,0,0,0,0,0,0,0,0,0,0,1,0,0,0,3.0,0,10000000.0,1000000.0,0.0,0,0
CA,1,1.1288,1.1288,1.0,2.6767,7,1,5000000,2,1,0,0,0,0,0,1,0,0,0,0,0,0,0,0,0,0,1,0,0,0,1.0,1,50000000.0,5000000.0,1.1256824449822704,0,1
MI,0,7.8877,10.6658,0.4137,0.4137,2,3,42700000,1,0,0,0,0,1,0,0,0,0,0,0,0,0,0,1,1,0,0,1,0,0,3.6667,1,14836176.64431395,14233333.333333334,10.0,0,0
CA,0,0.8822,0.8822,0.0,0.0,7,1,12000000,0,1,0,0,0,0,0,0,0,0,0,0,1,0,0,0,1,0,0,0,0,0,9.0,1,120000000.0,12000000.0,0.0,0,1
WA,1,2.526,3.1041,3.0027,9.126,5,2,22300000,2,0,0,0,0,1,1,0,0,0,0,0,0,0,0,0,0,0,0,1,1,0,4.5,1,32886005.014009733,11150000.0,0.32137290505037525,0,0
CA,1,4.0027,7.8712,0.1616,0.1616,5,2,10000000,1,1,0,0,0,0,0,0,0,0,0,0,0,0,0,1,1,0,0,1,0,0,4.0,1,2519843.7696862794,5000000.0,10.0,0,0
DC,0,1.1671,4.6658,0.0,0.0,1,3,15564591,0,0,0,0,0,1,0,0,0,0,1,0,0,0,0,0,1,0,0,1,1,0,3.5,1,4325059.326979187,5188197.0,0.0,0,0
CA,1,2.5726,2.5726,2.4795,4.6685,7,1,500000,2,1,0,0,0,0,0,1,0,0,0,0,0,0,0,0,0,1,0,0,0,0,5.0,1,5000000.0,500000.0,0.873743993010048,0,1
CA,1,0.1151,1.3397,1.8329,2.6712,24,2,8950000,2,1,0,0,0,0,0,0,0,0,0,0,0,0,0,1,0,0,1,0,0,0,7.0,1,6756756.756756756,4475000.0,2.131514441010338,0,0
NY,1,1.7479,4.8192,4.0027,4.8192,8,4,55350000,2,0,1,0,0,0,0,0,0,0,0,0,0,0,0,1,0,0,1,1,1,1,4.0,1,17453410.27338946,13837500.0,2.182214948172394,0,0
CA,0,3.7233,3.7233,0.0,0.0,1,1,4000000,0,1,0,0,0,0,0,0,0,0,0,0,0,0,0,1,0,0,0,1,0,0,3.0,1,40000000.0,4000000.0,0.0,0,0
IL,1,1.6986,6.5151,3.2849,4.9315,3,5,10764323,3,0,0,0,0,1,1,0,0,0,0,0,0,0,0,0,1,0,1,0,0,0,2.0,1,2189428.0484084208,2152864.6,1.7176228100309172,0,0
NJ,0,1.4082,1.4082,0.0,0.0,1,1,5500000,1,0,0,0,0,1,1,0,0,0,0,0,0,0,0,0,1,0,0,0,0,0,3.0,1,55000000.0,5500000.0,10.0,0,0
CA,1,4.2849,4.2849,2.4164,5.5151,7,1,400000,2,1,0,0,0,0,0,0,0,0,0,0,0,0,0,1,0,1,0,0,0,0,3.0,1,4000000.0,400000.0,0.6252540094413355,0,0
CA,0,0.7507,3.0137,0.0,0.0,3,3,54000000,0,1,0,0,0,0,0,0,0,0,0,0,0,0,0,1,1,0,0,0,1,0,2.6667,1,22852306.390181974,18000000.0,0.0,0,0
GA,0,20.8055,20.8055,0.0,0.0,2,1,32000000,0,0,0,0,0,1,1,0,0,0,0,0,0,0,0,0,0,0,0,1,0,0,7.0,1,320000000.0,32000000.0,0.0,0,0
WA,1,5.789,5.789,0.0,0.0,1,1,13000000,0,0,0,0,0,1,1,0,0,0,0,0,0,0,0,0,0,0,0,0,0,1,4.0,1,130000000.0,13000000.0,0.0,0,0
WA,1,0.0849,1.2712,0.0,0.0,5,3,12500000,0,0,0,0,0,1,1,0,0,0,0,0,0,0,0,0,1,0,1,1,0,0,2.3333,1,9717795.226618983,4166666.6666666665,0.0,0,0
CA,1,2.3507,8.2822,1.0027,8.2849,16,4,38064570,2,1,0,0,0,0,0,0,0,0,0,0,0,0,0,1,1,0,0,1,1,1,3.0,1,6310962.447152451,9516142.5,0.2709219473869578,0,0
CA,1,-0.4959,1.2548,2.1726,4.6,21,2,6000000,2,1,0,0,0,0,0,1,0,0,0,0,0,0,0,0,0,1,1,0,0,0,4.0,1,3242016.534284325,3000000.0,0.7913270554720268,0,1
VA,0,2.4658,4.8329,0.5863,5.6164,4,2,5000000,6,0,0,0,0,1,0,1,0,0,0,0,0,0,0,0,0,0,1,1,0,0,1.0,0,2026670.9902314455,2500000.0,1.1695678446813904,0,1
VA,1,0.0,7.1068,6.0055,10.9041,9,3,59000000,3,0,0,0,0,1,1,0,0,0,0,0,0,0,0,0,1,0,0,0,1,0,2.0,1,8186712.549259034,19666666.666666668,0.600168047053175,0,0
IL,0,1.0356,1.0356,0.0,1.0356,2,1,1000000,2,0,0,0,0,1,0,1,0,0,0,0,0,0,0,0,0,1,0,0,0,0,1.0,0,10000000.0,1000000.0,1.7611835153222963,0,1
CA,1,2.7233,2.7233,0.9151,6.3096,5,1,600000,3,1,0,0,0,0,0,1,0,0,0,0,0,0,0,0,0,1,0,0,0,0,7.0,1,6000000.0,600000.0,0.546000546000546,0,1
CT,0,2.8356,3.1397,3.3781,3.7753,0,2,125000000,2,0,0,0,0,1,0,0,1,0,0,0,0,0,0,0,0,0,1,1,0,0,2.0,1,309329373.9173472,62500000.0,4.02252614641995,0,0
CA,1,0.7945,2.9014,3.0493,6.5233,11,2,2750000,3,1,0,0,0,0,0,1,0,0,0,0,0,0,0,0,0,1,1,0,0,0,4.0,1,1246091.8029815576,1375000.0,0.8393956351426973,0,1
CA,1,2.9178,4.7342,0.0,0.0,1,2,30000000,0,1,0,0,0,0,0,0,0,0,0,0,0,0,0,1,0,0,1,1,0,0,2.5,1,15654351.90983093,15000000.0,0.0,0,0
CA,0,4.0137,4.0137,0.0,0.0,0,1,7000000,0,1,0,0,0,0,0,0,0,0,0,0,0,0,0,1,0,0,0,0,1,0,1.0,0,70000000.0,7000000.0,0.0,0,0
CA,1,0.411,0.411,0.0,2.5342,10,1,6100000,2,1,0,0,0,0,0,0,0,0,0,0,0,0,0,1,0,0,0,1,0,0,4.0,1,61000000.0,6100000.0,0.7592437931819908,0,0
CA,0,0.5315,1.9205,2.2548,2.9781,12,3,2100000,2,1,0,0,0,0,0,0,0,1,0,0,0,0,0,0,1,1,0,0,0,0,4.0,1,1410342.5117528539,700000.0,2.4292481476982872,0,0
CA,1,0.1452,0.5014,0.4959,3.011,10,2,2565000,3,1,0,0,0,0,0,0,1,0,0,0,0,0,0,0,0,1,1,0,0,0,3.5,1,5622533.976326173,1282500.0,1.147183664104623,0,0
CA,0,10.7589,10.7589,0.0,0.0,0,1,2000000,0,1,0,0,0,0,0,0,0,0,0,0,0,1,0,0,0,0,0,0,0,0,1.0,0,20000000.0,2000000.0,0.0,1,0
NC,1,2.5671,5.6904,2.0027,2.0027,3,3,22400000,1,0,0,0,0,1,0,0,0,0,0,0,0,0,0,1,1,0,0,1,1,0,3.6667,1,6949399.68355412,7466666.666666667,10.0,0,0
NY,1,1.0822,1.0822,6.0027,6.0027,12,1,6250000,1,0,1,0,0,0,0,0,0,0,0,0,1,0,0,0,0,0,1,0,0,0,1.0,0,62500000.0,6250000.0,10.0,0,1
NY,1,1.7479,1.7479,1.0,2.1096,4,1,575000,2,0,1,0,0,0,0,1,0,0,0,0,0,0,0,0,0,1,0,0,0,0,6.0,0,5750000.0,575000.0,1.6534391534391535,0,1
MA,0,0.0,0.5808,0.0,0.0,1,2,53000,1,0,0,1,0,0,0,1,0,0,0,0,0,0,0,0,0,1,0,0,0,0,1.0,1,77849.58871915394,26500.0,10.0,0,1
CA,1,0.9151,2.7753,3.0027,3.6466,6,2,9500000,2,1,0,0,0,0,0,0,0,0,0,0,1,0,0,0,0,0,1,1,0,0,2.5,1,4846444.240383634,4750000.0,2.6885334050275578,0,1
TX,0,-0.7479,0.8192,-1.7507,0.2521,7,2,3500000,2,0,0,0,1,0,0,0,0,1,0,0,0,0,0,0,0,1,1,0,0,0,1.0,1,2099454.1419230998,1750000.0,0.9511128019783147,0,0
NY,1,0.7726,1.4959,-0.5863,3.7534,14,3,10500000,3,0,1,0,0,0,0,0,0,0,0,0,0,0,0,1,1,0,1,0,0,0,6.3333,1,12753552.77541601,3500000.0,0.6757213325224677,0,0
CA,1,0.7562,4.4137,2.7836,4.0027,14,4,34250000,2,1,0,0,0,0,0,0,0,0,0,0,0,0,0,1,1,0,1,1,1,0,2.25,1,9115103.127079174,8562500.0,1.516185277840952,0,0
MA,1,0.6795,4.5507,0.0,0.0,2,5,85381111,0,0,0,1,0,0,0,0,0,0,0,0,0,1,0,0,0,0,1,1,1,0,4.6667,1,21500078.31385979,17076222.2,0.0,1,0
MD,1,6.1671,7.9205,8.0055,11.2548,6,3,100000000,3,0,0,0,0,1,0,1,0,0,0,0,0,0,0,0,1,0,1,0,0,0,2.5,1,53954893.70885939,33333333.333333332,0.8957095512495148,0,1
PA,0,-1.011,1.4877,0.4055,1.3205,3,2,125000,2,0,0,0,0,1,0,0,0,0,1,0,0,0,0,0,1,1,0,0,0,0,1.0,1,48100.97356370493,62500.0,1.9704433497536944,0,0
VA,0,2.3178,4.2356,-0.3342,-0.3342,2,2,10600000,1,0,0,0,0,1,0,0,1,0,0,0,0,0,0,0,1,0,0,1,0,0,3.0,1,5253246.109624344,5300000.0,10.0,0,0
CA,1,2.4192,5.4384,2.0027,2.0027,2,3,26100000,1,1,0,0,0,0,0,0,0,0,0,0,0,0,0,1,1,0,0,1,0,0,3.5,1,8367530.135932291,8700000.0,10.0,0,0
NY,1,7.5315,7.5315,10.7342,10.7342,2,1,30000000,1,0,1,0,0,0,0,1,0,0,0,0,0,0,0,0,1,0,0,0,0,0,5.0,1,300000000.0,30000000.0,10.0,0,1
IL,0,1.0575,1.7699,1.0301,1.1123,6,3,132885,2,0,0,0,0,1,0,0,0,0,0,1,0,0,0,0,0,1,0,0,0,0,1.0,1,163570.90103397344,44295.0,10.976948408342478,0,0
CA,1,0.6,4.2247,-0.7479,4.4767,9,3,9500000,2,1,0,0,0,0,1,0,0,0,0,0,0,0,0,0,0,0,1,1,1,0,2.0,1,2550540.983166429,3166666.6666666665,0.3756150696765954,0,0
CA,1,6.1233,6.1233,6.0055,6.0055,9,1,18000000,1,1,0,0,0,0,0,0,0,0,0,0,0,0,0,1,1,0,0,0,0,0,7.0,1,180000000.0,18000000.0,10.0,0,0
OH,0,1.8329,1.8329,1.7479,1.7479,4,1,690000,1,0,0,0,0,1,0,1,0,0,0,0,0,0,0,0,0,1,0,0,0,0,3.0,1,6900000.0,690000.0,10.0,0,1
GA,1,5.1644,6.0055,0.0,0.0,1,3,25131611,0,0,0,0,0,1,0,0,1,0,0,0,0,0,0,0,1,0,0,1,0,0,1.0,1,26704506.42864733,8377203.666666667,0.0,0,0
CA,0,3.5288,3.5288,0.0,0.0,1,1,2000000,0,1,0,0,0,0,0,0,0,0,0,0,0,0,0,1,0,0,0,0,0,0,1.0,1,20000000.0,2000000.0,0.0,0,0
MA,1,1.5836,6.6466,5.0055,7.0877,4,3,78750000,2,0,0,1,0,0,0,0,0,0,0,0,0,1,0,0,0,0,1,1,0,0,3.5,1,15252760.0232423,26250000.0,0.9165062780680047,1,0
CA,1,0.2521,4.4055,3.3151,6.7918,27,5,48500000,3,1,0,0,0,0,0,0,0,0,1,0,0,0,0,0,1,1,1,1,1,0,2.5,1,11402642.591808908,9700000.0,0.8387619873067352,0,0
CA,0,0.5726,0.5726,5.1671,8.0082,12,1,15000000,2,1,0,0,0,0,0,0,0,0,0,0,0,0,0,1,0,0,1,0,0,0,3.0,0,150000000.0,15000000.0,0.6800176804596917,0,0
CA,1,0.9397,5.3178,0.0,0.0,13,5,74000000,0,1,0,0,0,0,0,0,0,0,0,0,0,0,0,1,1,0,0,1,1,0,5.3333,1,16524865.456331927,14800000.0,0.0,0,0
CA,1,0.7479,2.3315,2.0,2.0,6,2,15000000,1,1,0,0,0,0,1,0,0,0,0,0,0,0,0,0,0,0,1,1,0,0,3.0,1,8909479.686386313,7500000.0,10.0,0,0
NY,0,2.0027,3.9178,3.0027,5.2192,8,3,45000000,3,0,1,0,0,0,0,0,0,0,0,1,0,0,0,0,0,0,1,0,0,0,1.0,0,22331397.945511386,15000000.0,1.2950571983595942,0,0
CA,1,1.9178,1.9178,2.0027,2.0027,4,1,4410000,1,1,0,0,0,0,0,0,1,0,0,0,0,0,0,0,0,0,1,0,0,0,1.0,1,44100000.0,4410000.0,10.0,0,0
VA,1,0.0,0.8959,2.0,2.6767,9,2,4500000,2,0,0,0,0,1,0,1,0,0,0,0,0,0,0,0,0,0,1,1,0,0,2.0,1,4518525.956421328,2250000.0,2.5749967812540238,0,1
CA,1,1.6712,3.7863,4.6685,5.6849,11,3,11040000,2,1,0,0,0,0,1,0,0,0,0,0,0,0,0,0,0,0,1,1,1,0,2.5,1,4983973.635501783,3680000.0,1.7914725904693658,0,0
CA,1,1.8822,1.8822,1.3288,2.9479,6,1,1600000,2,1,0,0,0,0,0,0,0,0,0,1,0,0,0,0,0,0,1,0,0,0,3.0,1,16000000.0,1600000.0,1.163399453202257,0,0
NY,1,3.4164,3.874,7.7534,7.7534,3,2,9000000,1,0,1,0,0,0,1,0,0,0,0,0,0,0,0,0,1,0,0,1,0,0,4.0,1,16140602.582496407,4500000.0,10.0,0,0
CA,1,1.3041,2.6493,0.0,3.6767,4,3,3282327,2,1,0,0,0,0,0,0,0,0,0,0,0,0,0,1,1,0,0,0,0,0,2.0,1,2271192.222529753,1094109.0,0.5295628458707338,0,0
CA,1,4.1644,4.1644,5.5836,11.3918,5,2,24700000,5,1,0,0,0,0,0,1,0,0,0,0,0,0,0,0,0,0,1,1,0,0,4.0,1,247000000.0,12350000.0,0.8462814393554721,0,1
GA,0,5.6986,6.8877,0.0,0.0,2,2,8800000,0,0,0,0,0,1,0,0,0,0,0,0,0,0,0,1,1,0,1,0,0,0,1.0,1,6826468.078504384,4400000.0,0.0,0,0
CA,0,1.1836,1.1836,0.9178,0.9178,1,1,1700000,1,1,0,0,0,0,0,1,0,0,0,0,0,0,0,0,0,0,1,0,0,0,1.0,0,17000000.0,1700000.0,10.0,0,1
CA,0,0.2493,0.2493,0.0,0.7781,1,1,20000,2,1,0,0,0,0,0,1,0,0,0,0,0,0,0,0,0,1,0,0,0,0,1.0,0,200000.0,20000.0,2.277644915157727,0,1
CA,1,3.1041,4.9205,5.0027,8.3534,10,2,11500000,5,1,0,0,0,0,0,0,1,0,0,0,0,0,0,0,0,0,1,1,0,0,2.5,1,6000834.898768525,5750000.0,1.4489813660996316,0,0
CA,0,2.3068,9.4247,4.4986,11.4164,12,7,98170000,3,1,0,0,0,0,0,0,1,0,0,0,0,0,0,0,1,0,0,1,1,1,5.2,1,13600908.85160504,14024285.714285715,0.4274843968195161,0,0
CA,1,1.2219,1.2219,0.7479,2.6849,2,1,1350000,3,1,0,0,0,0,0,1,0,0,0,0,0,0,0,0,0,1,0,0,0,0,10.0,1,13500000.0,1350000.0,1.4727540500736378,0,1
IL,1,4.7068,4.7068,2.989,6.863,17,1,940261,2,0,0,0,0,1,1,0,0,0,0,0,0,0,0,0,0,0,1,0,0,0,1.0,1,9402610.0,940261.0,0.5032712632108706,0,0
MA,1,1.6658,3.6712,3.6658,3.6712,12,2,4000000,3,0,0,1,0,0,0,1,0,0,0,0,0,0,0,0,0,1,1,0,0,0,3.0,1,1899876.5080269782,2000000.0,28.462998102466834,0,1
CA,0,1.9562,1.9562,1.0027,1.0027,5,1,5000000,1,1,0,0,0,0,0,1,0,0,0,0,0,0,0,0,0,0,1,0,0,0,1.0,0,50000000.0,5000000.0,10.0,0,1
VA,0,0.0027,0.0027,0.5836,0.5836,3,1,20000,1,0,0,0,0,1,0,1,0,0,0,0,0,0,0,0,0,1,0,0,0,0,1.0,0,200000.0,20000.0,10.0,0,1
WA,1,4.0301,4.0301,3.0027,3.0027,5,1,12500000,1,0,0,0,0,1,0,0,0,0,0,0,0,0,0,1,0,0,0,1,0,0,3.0,1,125000000.0,12500000.0,10.0,0,0
CO,0,1.3397,4.6548,1.3589,1.3753,0,5,7228704,2,0,0,0,0,1,0,0,0,0,0,0,0,0,0,1,1,0,1,0,0,0,2.0,1,2116688.823167696,1445740.8,17.182130584192443,0,0
IL,0,4.3836,5.9562,5.4986,5.4986,5,2,55000000,1,0,0,0,0,1,0,0,0,0,0,0,0,1,0,0,1,0,0,1,0,0,4.0,1,32882936.74518714,27500000.0,10.0,1,0
CA,1,2.063,6.6137,0.0,0.0,5,4,15180000,0,1,0,0,0,0,0,0,0,1,0,0,0,0,0,0,1,0,1,0,1,0,1.0,1,3264024.770464662,3795000.0,0.0,0,0
CA,0,2.3479,3.4301,2.3562,4.0027,4,2,30000000,2,1,0,0,0,0,1,0,0,0,0,0,0,0,0,0,0,0,1,1,0,0,2.5,1,25376416.84994079,15000000.0,1.145147437732608,0,0
TX,1,2.5233,2.6685,3.0027,4.4247,11,2,14500000,3,0,0,0,1,0,0,0,0,0,0,0,0,0,0,1,0,0,1,1,0,0,1.5,1,59135399.67373572,7250000.0,1.9710906701708282,0,0
CA,1,2.0685,2.0685,2.5808,4.3671,6,1,6500000,3,1,0,0,0,0,0,0,0,0,1,0,0,0,0,0,1,0,0,0,0,0,3.0,1,65000000.0,6500000.0,1.590415098340667,0,0
TN,0,0.0,0.0,0.0,0.0,2,1,15000,1,0,0,0,0,1,0,1,0,0,0,0,0,0,0,0,0,1,0,0,0,0,1.0,0,150000.0,15000.0,10.0,0,1
NY,1,0.7288,3.6055,1.589,4.1041,5,5,4705910,3,0,1,0,0,0,0,0,1,0,0,0,0,0,0,0,1,1,0,0,0,0,3.0,1,1580915.1073336245,941182.0,1.1471836641046231,0,0
CA,1,2.8055,2.8055,3.0027,4.6493,6,1,3000000,2,1,0,0,0,0,0,0,0,0,0,1,0,0,0,0,1,0,0,0,0,0,1.0,1,30000000.0,3000000.0,1.1450818733539445,0,0
NY,1,0.7452,4.9178,3.0438,6.8411,30,6,125250000,5,0,1,0,0,0,0,1,0,0,0,0,0,0,0,0,1,0,1,1,1,1,3.5,1,29314702.99115293,20875000.0,1.2829394709157622,0,1
NY,0,0.3315,4.0027,2.3644,3.6685,8,4,1449998,3,0,1,0,0,0,0,0,0,0,0,0,0,0,0,1,1,1,0,0,0,0,1.0,1,384492.46924056,362499.5,2.136599957268001,0,0
MA,1,0.6959,1.189,0.663,2.6247,5,2,6000000,3,0,0,1,0,0,0,0,1,0,0,0,0,0,0,0,0,1,1,0,0,0,6.0,1,10116337.88568538,3000000.0,1.4551098607944903,0,0
MN,1,2.0603,6.2301,0.0,0.0,7,3,28200000,0,0,0,0,0,1,0,0,0,0,0,0,0,0,0,1,1,0,0,1,1,0,3.0,1,6604524.802098459,9400000.0,0.0,0,0
CA,1,3.1479,4.8795,5.0027,5.0027,5,2,14000000,1,1,0,0,0,0,1,0,0,0,0,0,0,0,0,0,1,0,1,0,0,0,2.0,1,7643590.303559728,7000000.0,10.0,0,0
TX,0,1.5808,1.5808,2.2521,2.5342,14,1,3000000,2,0,0,0,1,0,0,0,0,1,0,0,0,0,0,0,0,0,1,0,0,0,1.0,0,30000000.0,3000000.0,5.234231876472131,0,0
WA,0,1.5151,1.7644,0.7479,0.7479,6,2,2238055,1,0,0,0,0,1,0,0,0,1,0,0,0,0,0,0,1,1,0,0,0,0,1.0,1,6407257.37188663,1119027.5,10.0,0,0
CA,0,0.7123,2.2849,1.9507,2.2822,5,2,5200000,2,1,0,0,0,0,0,0,0,0,0,0,0,0,0,1,1,0,1,0,0,0,1.0,1,3108932.2013631472,2600000.0,4.634994206257243,0,0
PA,1,3.6329,3.6329,1.1479,3.7781,4,1,75000000,4,0,0,0,0,1,0,0,0,0,0,0,1,0,0,0,1,0,0,0,0,0,1.0,0,750000000.0,75000000.0,1.4650941322980002,0,1
MA,0,0.411,3.9699,4.2521,5.7671,13,4,24500000,4,0,0,1,0,0,1,0,0,0,0,0,0,0,0,0,0,0,1,1,1,0,2.5,1,6696001.530514635,6125000.0,2.476780185758514,0,0
CA,0,4.9068,8.1014,0.0,0.0,3,3,4476171,0,1,0,0,0,0,0,0,0,0,1,0,0,0,0,0,1,0,1,0,0,0,2.0,1,1358638.6814787833,1492057.0,0.0,0,0
TX,1,0.5014,2.4219,2.8192,5.8849,21,3,10400001,3,0,0,0,1,0,0,1,0,0,0,0,0,0,0,0,0,0,1,1,0,0,6.0,1,5147241.276911655,3466667.0,0.9476577060365795,0,1
CO,1,4.1836,7.1342,5.0027,5.0027,8,3,68400000,1,0,0,0,0,1,0,0,0,0,0,0,0,0,0,1,1,0,0,0,1,1,6.5,1,22421818.658624534,22800000.0,10.0,0,0
CA,1,2.9288,4.6329,0.0,0.0,13,2,15200000,0,1,0,0,0,0,1,0,0,0,0,0,0,0,0,0,0,0,1,1,0,0,2.0,1,8425253.589047167,7600000.0,0.0,0,0
NY,0,0.6192,1.5863,0.0,0.0,2,2,890000,0,0,1,0,0,0,0,0,1,0,0,0,0,0,0,0,0,1,0,0,0,0,3.0,1,834036.1728047979,445000.0,0.0,0,0
CA,0,10.5315,10.5315,0.0,0.0,0,1,2600000,0,1,0,0,0,0,0,0,1,0,0,0,0,0,0,0,1,0,0,0,0,0,1.0,1,26000000.0,2600000.0,0.0,0,0
IL,1,3.8685,3.8685,3.8301,4.0877,7,1,1226270,2,0,0,0,0,1,0,0,0,1,0,0,0,0,0,0,0,1,0,0,0,0,1.0,1,12262700.0,1226270.0,5.592841163310961,0,0
CA,1,6.737,8.2877,6.7534,6.7534,5,2,9000000,1,1,0,0,0,0,0,1,0,0,0,0,0,0,0,0,0,0,1,1,0,0,1.0,0,5452232.386260377,4500000.0,10.0,0,1
CA,1,4.6521,8.1288,6.0055,6.0055,4,4,7210210,1,1,0,0,0,0,0,0,0,1,0,0,0,0,0,0,1,0,1,1,0,0,1.0,0,2015883.3561662985,1802552.5,10.0,0,0
CA,1,0.7397,1.1425,0.5808,0.5808,15,2,15700000,1,1,0,0,0,0,0,0,0,0,0,0,0,0,0,1,0,0,1,0,0,0,3.0,1,31225139.22036595,7850000.0,10.0,0,0
MA,1,5.6849,6.3151,5.0055,5.0055,4,2,15050000,1,0,0,1,0,0,1,0,0,0,0,0,0,0,0,0,1,0,0,0,1,0,2.5,1,20610791.563955072,7525000.0,10.0,0,0
CA,1,0.7479,2.7507,1.5836,4.5315,5,2,3500000,2,1,0,0,0,0,0,0,0,0,0,1,0,0,0,0,0,0,1,1,0,0,3.0,1,1664447.4034620505,1750000.0,0.6561895075297745,0,0
CA,0,6.4767,7.3507,5.0055,5.0055,2,2,43000000,1,1,0,0,0,0,1,0,0,0,0,0,0,0,0,0,0,0,0,0,1,1,1.0,1,44147843.94250515,21500000.0,10.0,0,0
CA,1,1.1616,3.0384,3.2658,5.5397,7,2,57000000,2,1,0,0,0,0,0,1,0,0,0,0,0,0,0,0,0,0,1,1,0,0,3.5,1,28834479.967624437,28500000.0,0.8424954715868402,0,1
CA,1,0.8932,0.8932,0.8329,4.2137,8,1,1300000,4,1,0,0,0,0,0,1,0,0,0,0,0,0,0,0,0,1,0,0,0,0,4.0,1,13000000.0,1300000.0,1.1491611123879566,0,1
CA,1,1.4986,4.4247,4.0877,9.737,15,4,69750000,4,1,0,0,0,0,0,0,0,0,0,1,0,0,0,0,0,0,1,1,1,1,5.0,1,23049469.61435511,17437500.0,0.6957368723148906,0,0
MA,1,3.0,5.0027,9.6247,10.3945,16,2,14500000,2,0,0,1,0,0,0,0,0,0,1,0,0,0,0,0,0,1,0,1,0,0,2.0,1,6895895.753079374,7250000.0,2.2993791676247413,0,0
CA,0,4.0849,5.5836,0.0,0.0,2,2,48000000,0,1,0,0,0,0,0,0,0,0,0,0,0,0,0,1,0,0,0,0,1,1,6.0,1,30024394.8207919,24000000.0,0.0,0,0
PA,0,3.5041,5.4438,0.0,0.0,3,2,3508462,0,0,0,0,0,1,0,0,0,0,0,0,0,0,0,1,1,0,1,0,0,0,3.0,1,1720087.267735451,1754231.0,0.0,0,0
CA,1,3.4301,5.5589,7.8384,7.8384,10,3,19500000,1,1,0,0,0,0,1,0,0,0,0,0,0,0,0,0,0,0,1,1,0,0,3.3333,1,8749102.65613783,6500000.0,10.0,0,0
CA,1,0.4685,0.4685,1.1041,1.6795,5,1,3750000,3,1,0,0,0,0,0,0,1,0,0,0,0,0,0,0,0,0,0,0,0,0,9.0,1,37500000.0,3750000.0,4.4418122594018365,0,0
IL,0,0.0,0.0,0.0,0.0,1,1,45000000,0,0,0,0,0,1,0,1,0,0,0,0,0,0,0,0,0,0,0,0,0,0,2.0,0,450000000.0,45000000.0,0.0,0,1
NC,0,0.8164,5.5616,4.5562,7.9863,8,4,32500000,3,0,0,0,0,1,0,0,0,1,0,0,0,0,0,0,0,0,1,1,1,1,2.75,1,6707669.446049699,8125000.0,0.8498342823149485,0,0
PA,1,1.8384,8.3397,5.674,13.5562,4,2,4900000,5,0,0,0,0,1,0,0,0,1,0,0,0,0,0,0,0,1,0,1,0,0,1.5,1,742278.0361443958,2450000.0,0.62639372604044,0,0
CA,0,2.2986,3.211,3.5945,4.5753,4,2,12000000,3,1,0,0,0,0,0,0,0,0,1,0,0,0,0,0,0,0,0,1,1,0,2.0,1,11853022.520742789,6000000.0,2.775721687638785,0,0
CA,1,0.0329,2.2055,4.5151,6.9123,12,3,7175000,6,1,0,0,0,0,0,1,0,0,0,0,0,0,0,0,0,1,1,1,0,0,2.6667,1,3157176.801900907,2391666.6666666665,2.402691013935608,0,1
CA,0,1.1699,1.4986,0.0849,5.3863,3,2,4700000,4,1,0,0,0,0,0,1,0,0,0,0,0,0,0,0,0,1,1,0,0,0,1.5,1,10963377.653370656,2350000.0,0.7405487466212464,0,1
CA,0,0.0,0.0,0.0,0.0,3,1,120000,0,1,0,0,0,0,0,0,0,0,0,0,0,0,0,1,0,1,0,0,0,0,2.0,0,1200000.0,120000.0,0.0,0,0
CA,1,5.1041,8.6411,5.6712,6.8986,10,3,10000000,2,1,0,0,0,0,0,0,0,0,1,0,0,0,0,0,1,0,0,1,0,0,1.6667,0,2749518.8342040144,3333333.3333333335,1.5067048365225248,0,0
TX,0,4.9562,10.3151,0.0,0.0,0,4,39000000,0,0,0,0,1,0,0,0,0,0,0,0,0,0,0,1,1,0,1,0,0,0,3.0,0,7144296.469984797,9750000.0,0.0,0,0
MA,1,2.2411,4.0301,0.0,0.0,3,2,16100000,0,0,0,1,0,0,1,0,0,0,0,0,0,0,0,0,0,0,0,1,1,0,2.5,1,8523028.057173107,8050000.0,0.0,0,0
CA,1,1.2466,2.0849,2.4986,5.3233,4,2,3300000,3,1,0,0,0,0,0,0,0,0,1,0,0,0,0,0,0,1,1,0,0,0,2.0,1,3516998.8276670566,1650000.0,1.0257462303826035,0,0
CA,1,1.5616,1.5616,1.2438,1.7726,6,1,750000,3,1,0,0,0,0,0,0,0,0,0,0,0,0,0,1,0,1,0,0,0,0,9.0,1,7500000.0,750000.0,4.770992366412214,0,0
GA,0,2.4493,2.4493,0.0,0.0,0,2,1000000,0,0,0,0,0,1,1,0,0,0,0,0,0,0,0,0,1,1,0,0,0,0,2.0,0,10000000.0,500000.0,0.0,0,0
NY,0,11.3342,11.3342,0.0,0.0,3,1,7410000,0,0,1,0,0,0,0,0,0,0,0,0,0,1,0,0,1,0,0,0,0,0,3.0,1,74100000.0,7410000.0,0.0,1,0
CA,1,6.8932,10.4082,0.0,0.0,5,3,52800000,0,1,0,0,0,0,0,0,0,0,0,0,0,0,0,1,1,0,0,0,1,0,5.3333,1,14605809.128630703,17600000.0,0.0,0,0
CA,0,4.6685,9.1178,9.7534,12.8027,33,3,37000000,4,1,0,0,0,0,1,0,0,0,0,0,0,0,0,0,0,0,1,1,1,0,1.3333,1,8133119.381003669,12333333.333333334,1.2701235195122722,0,0
CA,1,1.137,3.737,2.463,3.2164,14,3,14229998,3,1,0,0,0,0,0,1,0,0,0,0,0,0,0,0,0,0,1,1,0,0,3.0,1,5270369.62962963,4743332.666666667,3.5153503632528706,0,1
CA,1,0.7205,2.4356,0.7671,2.7918,7,2,3000000,2,1,0,0,0,0,0,0,0,0,0,0,0,0,0,1,0,0,1,1,0,0,2.5,1,1652801.4985400252,1500000.0,0.9413093613215985,0,0
NY,1,4.0384,4.0384,6.0027,6.0027,10,1,20000000,1,0,1,0,0,0,0,0,0,0,1,0,0,0,0,0,0,0,1,0,0,0,1.0,0,200000000.0,20000000.0,10.0,0,0
RI,1,0.7479,2.0959,1.6548,2.0959,6,2,2000000,3,0,0,0,0,1,0,0,0,0,1,0,0,0,0,0,0,1,0,0,0,0,1.5,1,1381215.4696132597,1000000.0,5.54426168915173,0,0
DC,1,3.8192,6.0932,9.0055,9.7726,3,2,19900000,2,0,0,0,0,1,1,0,0,0,0,0,0,0,0,0,1,0,0,1,0,0,2.0,1,8382476.832350462,9950000.0,2.3065390381732183,0,0
CA,0,1.2493,1.2493,2.589,2.589,6,1,1500000,1,1,0,0,0,0,0,0,0,0,0,0,1,0,0,0,0,0,0,0,0,0,1.0,0,15000000.0,1500000.0,10.0,0,1
CA,0,0.0,0.0,1.2521,1.2521,4,1,325000,1,1,0,0,0,0,0,0,0,0,0,0,0,0,0,1,0,1,0,0,0,0,4.0,0,3250000.0,325000.0,10.0,0,0
CA,0,0.463,0.463,1.2795,1.8192,16,1,3500000,2,1,0,0,0,0,0,0,0,1,0,0,0,0,0,0,0,0,1,0,0,0,5.0,1,35000000.0,3500000.0,3.1264655307175246,0,0
WA,0,2.0027,4.3863,1.5836,4.1918,7,4,30000000,2,0,0,0,0,1,0,0,0,0,0,0,0,0,0,1,0,1,1,1,0,0,2.0,1,12079239.813174423,7500000.0,0.7384978952809984,0,0
CA,1,4.2384,4.2384,0.0,0.0,1,1,50000000,0,1,0,0,0,0,0,0,0,0,0,0,0,1,0,0,0,0,0,0,0,1,6.0,1,500000000.0,50000000.0,0.0,1,0
NY,1,1.4712,1.4712,1.0027,1.4712,5,1,2000000,2,0,1,0,0,0,0,0,0,0,0,0,1,0,0,0,0,0,1,0,0,0,3.0,1,20000000.0,2000000.0,3.518029903254177,0,1
CA,1,1.5041,5.8356,6.1699,8.3534,25,6,72000000,2,1,0,0,0,0,0,0,0,0,1,0,0,0,0,0,1,0,1,1,1,1,2.3333,1,16247320.320433263,12000000.0,0.8758484782132689,0,0
CA,1,1.6849,5.8493,8.4219,8.4219,4,3,27690547,1,1,0,0,0,0,0,0,0,0,0,0,0,0,0,1,0,0,0,1,1,1,4.5,1,6493421.58334115,9230182.333333334,10.0,0,0
TX,0,2.189,2.189,0.0,0.0,32,1,9000000,0,0,0,0,1,0,0,0,0,0,0,0,0,0,0,1,0,0,0,1,0,0,4.0,1,90000000.0,9000000.0,0.0,0,0
CA,1,0.4192,1.4658,3.1315,4.137,12,2,7500000,3,1,0,0,0,0,0,0,0,1,0,0,0,0,0,0,0,0,1,0,0,0,3.5,1,6541077.969649398,3750000.0,2.71370420624152,0,0
TX,1,0.6932,1.4986,3.4164,3.4164,9,2,10000000,1,0,0,0,1,0,1,0,0,0,0,0,0,0,0,0,0,0,1,0,0,0,2.0,1,11044842.05875856,5000000.0,10.0,0,0
CA,1,1.4411,6.6795,2.0,2.0,7,4,5965000,1,1,0,0,0,0,1,0,0,0,0,0,0,0,0,0,1,0,1,0,0,0,1.0,0,1117375.9928068335,1491250.0,10.0,0,0
CA,1,-0.2466,-0.2466,-0.4082,7.4548,9,1,4000000,4,1,0,0,0,0,0,0,1,0,0,0,0,0,0,0,0,0,1,0,0,0,1.0,0,40000000.0,4000000.0,0.5023232450081628,0,0
MI,0,5.1397,5.1397,7.0055,7.0055,2,1,5000000,1,0,0,0,0,1,0,0,0,0,1,0,0,0,0,0,1,0,0,0,0,0,1.0,0,50000000.0,5000000.0,10.0,0,0
CA,1,1.0877,1.0877,5.0959,7.3863,15,1,11500000,2,1,0,0,0,0,0,0,0,0,1,0,0,0,0,0,0,0,1,0,0,0,2.0,1,115000000.0,11500000.0,0.8366800535475234,0,0
IL,0,1.0356,2.1479,1.5808,1.5808,2,2,1050000,1,0,0,0,0,1,0,1,0,0,0,0,0,0,0,0,1,0,0,0,0,0,1.0,0,866122.2469685721,525000.0,10.0,0,1
NY,1,1.1644,1.3507,1.3507,3.3315,13,2,5500000,2,0,1,0,0,0,0,1,0,0,0,0,0,0,0,0,0,0,1,0,0,0,2.0,1,19210618.23262313,2750000.0,0.9611687812379854,0,1
PA,1,0.8301,2.8329,1.0877,3.337,17,3,5000000,4,0,0,0,0,1,0,0,0,0,1,0,0,0,0,0,0,1,1,0,0,0,1.6667,1,2377782.004945786,1666666.6666666667,1.7026348273953942,0,0
CA,0,-1.0521,0.6247,-1.3589,1.663,11,2,3700000,3,1,0,0,0,0,0,0,0,1,0,0,0,0,0,0,1,0,0,0,0,0,3.0,0,2082395.3174245832,1850000.0,0.9609532656395143,0,0
CA,0,1.2137,3.0082,0.0,0.0,4,2,7000000,0,1,0,0,0,0,1,0,0,0,0,0,0,0,0,0,0,0,1,0,0,0,2.0,0,3694906.307732911,3500000.0,0.0,0,0
MA,0,1.2466,2.1616,2.0,3.8137,14,2,32000000,4,0,0,1,0,0,0,0,0,0,0,0,0,0,0,1,0,0,1,1,0,0,3.5,1,31527093.59605911,16000000.0,2.090191775095365,0,0
MA,1,0.7123,4.2301,2.6685,3.0575,8,3,7900000,2,0,0,1,0,0,0,0,0,0,1,0,0,0,0,0,0,0,1,0,0,0,2.0,0,2183647.5205926253,2633333.3333333335,4.089979550102248,0,0
CA,1,0.6685,6.2795,2.7945,7.4493,16,5,80000000,3,1,0,0,0,0,0,0,0,0,0,0,0,0,0,1,0,1,1,1,1,1,2.25,1,14008054.631413063,16000000.0,0.6309413645158577,0,0
TX,0,4.8247,4.8247,0.2466,0.2466,1,1,5000000,1,0,0,0,1,0,0,0,1,0,0,0,0,0,0,0,1,0,0,0,0,0,1.0,1,50000000.0,5000000.0,10.0,0,0
WA,1,1.0,3.1863,2.4301,7.6247,5,2,2100000,3,0,0,0,0,1,0,0,0,0,0,0,0,0,0,1,0,1,1,0,0,0,1.5,1,918514.630625902,1050000.0,0.5666150417406415,0,0
MD,1,0.2055,4.3973,3.4164,3.4164,6,4,22250000,1,0,0,0,0,1,0,0,0,1,0,0,0,0,0,0,0,0,1,1,1,1,2.5,1,5184304.953632508,5562500.0,10.0,0,0
OR,1,0.5397,1.5014,-14.1699,2.2082,6,2,1975000,2,0,0,0,0,1,0,0,0,1,0,0,0,0,0,0,1,1,0,0,0,0,3.0,0,1860224.1687859092,987500.0,0.12137321657229898,0,0
NY,1,0.0,0.0,3.5918,4.326,0,1,1000000,2,0,1,0,0,0,0,1,0,0,0,0,0,0,0,0,0,1,0,0,0,0,1.0,1,10000000.0,1000000.0,2.3975065931431327,0,1
PA,0,2.3452,2.3452,0.0,0.0,0,1,35000000,0,0,0,0,0,1,0,0,0,0,0,0,0,0,0,1,0,0,0,0,1,0,1.0,0,350000000.0,35000000.0,0.0,0,0
NY,1,0.0822,4.326,3.663,5.611,12,7,88651133,5,0,1,0,0,0,0,0,1,0,0,0,0,0,0,0,1,1,1,1,1,1,3.1667,1,20408659.008241635,12664447.57142857,2.44140625,0,0
MA,1,5.5945,5.5945,0.0,0.0,3,1,26000000,0,0,0,1,0,0,0,0,0,0,0,0,0,0,0,1,1,0,0,0,0,0,2.0,1,260000000.0,26000000.0,0.0,0,0
CA,0,0.6712,0.6712,0.0,0.7562,3,1,100000,2,1,0,0,0,0,0,0,0,0,0,1,0,0,0,0,0,1,0,0,0,0,1.0,0,1000000.0,100000.0,2.33590282644242,0,0
CO,1,1.0,1.0,3.811,4.9178,6,1,5000000,3,0,0,0,0,1,0,0,1,0,0,0,0,0,0,0,0,0,1,0,0,0,1.0,1,50000000.0,5000000.0,2.485913158766987,0,0
GA,0,6.8356,8.3096,0.0,0.0,5,2,7300000,0,0,0,0,0,1,0,0,0,0,0,0,0,1,0,0,1,0,1,0,0,0,3.0,1,4637865.3113087695,3650000.0,0.0,1,0
CA,1,2.0027,6.2274,4.0027,10.7616,8,3,64080000,2,1,0,0,0,0,0,0,0,0,0,0,0,1,0,0,0,0,1,1,1,0,4.0,1,14817212.75464194,21360000.0,0.29159194623044515,1,0
RI,1,1.3425,1.726,-0.0822,1.7205,8,2,5800000,2,0,0,0,0,1,0,0,0,1,0,0,0,0,0,0,0,1,1,0,0,0,4.0,1,11995863.495346434,2900000.0,1.0511378567299101,0,0
CA,0,4.0027,5.7534,5.9233,6.0,6,4,89500000,2,1,0,0,0,0,0,0,0,0,0,0,0,0,0,1,0,0,0,1,1,0,1.0,1,48360079.96974117,22375000.0,11.318619128466342,0,0
CA,1,0.5808,5.2521,3.0877,4.1699,11,4,23350000,2,1,0,0,0,0,0,0,0,0,0,1,0,0,0,0,0,1,1,1,0,0,3.0,1,4893844.444910192,5837500.0,1.6917611233293854,0,0
MA,1,3.6877,5.9644,0.0,0.0,7,2,13500000,0,0,0,1,0,0,1,0,0,0,0,0,0,0,0,0,1,0,0,0,1,0,2.5,1,5680144.738502965,6750000.0,0.0,0,0
MA,1,7.3534,8.126,11.0329,11.0575,13,2,24500000,2,0,0,1,0,0,0,0,0,0,0,0,0,0,0,1,0,0,0,0,0,0,5.5,1,28077011.230804503,12250000.0,16.05136436597117,0,0
CA,0,3.6027,3.6027,3.0027,3.0027,2,1,10000000,1,1,0,0,0,0,0,0,0,0,0,0,0,0,0,1,0,0,0,0,1,0,4.0,1,100000000.0,10000000.0,10.0,0,0
UT,0,-1.9863,-1.9863,0.0,0.0,3,1,8500000,0,0,0,0,0,1,0,0,0,0,0,0,0,0,0,1,1,0,0,0,0,0,1.0,0,85000000.0,8500000.0,0.0,0,0
TX,0,16.4192,16.4192,0.0,0.0,0,1,6000000,0,0,0,0,1,0,0,0,0,0,0,0,0,0,0,1,0,0,0,1,0,0,3.0,0,60000000.0,6000000.0,0.0,0,0
CA,1,1.337,1.337,1.3479,1.3479,3,1,2000000,1,1,0,0,0,0,1,0,0,0,0,0,0,0,0,0,0,0,1,0,0,0,2.0,1,20000000.0,2000000.0,10.0,0,0
TX,1,1.1123,1.937,0.0,1.1123,3,2,4100000,2,0,0,0,1,0,0,0,0,1,0,0,0,0,0,0,0,0,1,0,0,0,1.5,1,4433870.444468477,2050000.0,1.649756660892518,0,0
CA,1,0.3699,0.3699,1.9507,8.3178,5,1,6200000,4,1,0,0,0,0,0,0,0,0,0,0,0,0,0,1,0,0,1,0,0,0,2.0,1,62000000.0,6200000.0,0.6185152541324551,0,0
CA,1,4.0877,5.5753,4.0027,4.0027,8,2,12250000,1,1,0,0,0,0,0,0,0,0,1,0,0,0,0,0,0,0,0,1,1,0,2.5,1,7716049.382716047,6125000.0,10.0,0,0
CA,1,3.3945,5.0712,5.7233,8.7342,3,2,11725600,2,1,0,0,0,0,0,0,1,0,0,0,0,0,0,0,0,0,1,1,0,0,2.0,1,6599651.038442054,5862800.0,0.6429007682664182,0,0
MA,0,4.3151,5.8301,0.0,0.0,1,2,16000000,0,0,0,1,0,0,1,0,0,0,0,0,0,0,0,0,0,0,1,1,0,0,3.0,1,9907120.743034057,8000000.0,0.0,0,0
WA,1,2.4767,4.3836,3.3945,4.9863,10,3,5056559,2,0,0,0,0,1,0,0,1,0,0,0,0,0,0,0,1,0,1,0,0,0,1.6667,1,2519586.9251083755,1685519.6666666667,1.1821728336682822,0,0
CA,1,0.4137,0.4137,6.8329,8.874,9,1,100000,3,1,0,0,0,0,0,1,0,0,0,0,0,0,0,0,0,1,0,0,0,0,1.0,1,1000000.0,100000.0,1.4011489421325485,0,1
CA,1,2.3342,6.9671,4.0027,8.3014,11,3,68200000,3,1,0,0,0,0,0,0,0,0,0,0,0,0,0,1,1,1,0,0,0,0,4.0,1,14409769.90851275,22733333.333333332,0.6820196876349832,0,0
CA,1,4.0877,9.3068,6.0027,6.0027,5,3,33000000,1,1,0,0,0,0,0,0,0,1,0,0,0,0,0,0,1,0,0,1,0,1,3.6667,1,6204057.07732511,11000000.0,10.0,0,0
NC,0,1.7863,3.3014,2.0822,2.3288,8,3,3352194,2,0,0,0,0,1,0,0,0,0,0,0,0,0,0,1,0,1,1,0,0,0,9.5,0,2075533.4035044268,1117398.0,5.770340450086549,0,0
NY,1,1.4082,1.9068,-0.1616,1.8384,5,2,2212000,2,0,1,0,0,0,0,0,0,0,0,0,0,0,0,1,0,1,1,0,0,0,3.0,1,3695289.0076845963,1106000.0,0.9523809523809523,0,0
CA,1,5.9014,7.2904,0.0,0.0,1,4,19800000,0,1,0,0,0,0,0,0,0,0,0,0,0,1,0,0,1,0,0,0,0,1,5.0,1,13297515.110812623,4950000.0,0.0,1,0
CA,0,0.8301,1.0986,1.1014,1.1616,6,2,4500000,2,1,0,0,0,0,0,1,0,0,0,0,0,0,0,0,0,1,1,0,0,0,3.0,1,12211668.928086838,2250000.0,12.484394506866414,0,1
MA,1,4.0027,4.0055,4.0027,4.0027,2,2,14000000,1,0,0,1,0,0,1,0,0,0,0,0,0,0,0,0,1,0,0,1,0,0,1.5,1,136186770.42801598,7000000.0,10.0,0,0
FL,0,0.0548,0.0548,0.0685,0.4,4,1,100000,2,0,0,0,0,1,0,0,0,0,0,0,0,0,0,1,0,1,0,0,0,0,1.0,0,1000000.0,100000.0,4.634994206257242,0,0
CA,1,2.3562,3.4274,3.0027,5.3425,4,2,9900000,2,1,0,0,0,0,1,0,0,0,0,0,0,0,0,0,0,0,1,1,0,0,2.0,1,8452868.852459015,4950000.0,0.8197393228953191,0,0
CA,1,0.0,5.063,5.0055,5.7945,10,3,7600000,2,1,0,0,0,0,0,0,0,0,1,0,0,0,0,0,0,0,1,1,0,0,5.0,1,1472012.3958938604,2533333.3333333335,2.2497187851518547,0,0
CA,0,0.0,0.0,0.737,0.737,2,1,50000,1,1,0,0,0,0,0,0,0,0,0,1,0,0,0,0,0,1,0,0,0,0,2.0,0,500000.0,50000.0,10.0,0,0
CA,0,-0.0849,-0.0849,0.0,0.0,3,1,650000,0,1,0,0,0,0,0,0,0,0,0,0,0,0,0,1,0,1,0,0,0,0,1.0,0,6500000.0,650000.0,0.0,0,0
CA,0,0.9178,2.7288,2.4164,2.7288,8,3,10500000,3,1,0,0,0,0,0,0,1,0,0,0,0,0,0,0,1,0,1,1,0,0,2.0,1,5494505.494505494,3500000.0,7.274490785645001,0,0
CA,1,0.4712,0.4712,0.0,0.9178,12,1,500000,2,1,0,0,0,0,0,1,0,0,0,0,0,0,0,0,0,1,0,0,0,0,1.0,0,5000000.0,500000.0,1.965022597759874,0,1
CA,1,1.9342,4.0438,2.0027,10.189,2,2,24300000,3,1,0,0,0,0,0,1,0,0,0,0,0,0,0,0,0,0,0,1,1,0,2.5,1,10997465.60463432,12150000.0,0.362043372796061,0,1
CA,0,7.4904,7.874,7.0055,7.0055,6,2,18000000,1,1,0,0,0,0,0,0,0,0,0,0,0,0,0,1,1,0,0,1,0,0,4.0,1,37220843.672456615,9000000.0,10.0,0,0
CA,1,0.6548,3.5452,3.8438,6.5589,27,3,26000000,5,1,0,0,0,0,0,0,0,0,0,0,0,0,0,1,0,0,1,1,1,0,3.6667,1,8694489.031567683,8666666.666666666,1.7761358388689563,0,0
CA,0,2.2466,5.0356,0.0,0.0,2,2,9500000,0,1,0,0,0,0,0,0,0,0,0,0,0,0,0,1,1,0,0,1,0,0,3.0,1,3288335.0640359987,4750000.0,0.0,0,0
MD,1,7.3151,7.3151,5.0055,5.0055,6,1,16980999,1,0,0,0,0,1,0,0,0,0,0,0,0,1,0,0,0,0,0,1,0,0,1.0,1,169809990.0,16980999.0,10.0,1,0
CA,0,1.0027,1.0027,1.1644,3.5699,2,1,5000000,2,1,0,0,0,0,0,0,0,0,0,1,0,0,0,0,0,0,1,0,0,0,3.0,0,50000000.0,5000000.0,0.7982438635002993,0,0
WA,0,1.6712,1.6712,0.0,0.0,3,1,350000,0,0,0,0,0,1,0,0,0,0,0,0,0,0,0,1,1,0,0,0,0,0,1.0,0,3500000.0,350000.0,0.0,0,0
MA,0,1.2384,4.9726,1.0,1.0,1,5,13130000,1,0,0,1,0,0,0,1,0,0,0,0,0,0,0,0,1,0,1,0,0,0,2.0,1,3424443.169370403,2626000.0,10.0,0,1
WA,0,2.8247,2.8247,0.0,2.8219,1,1,20000000,2,0,0,0,0,1,1,0,0,0,0,0,0,0,0,0,0,0,1,0,0,0,1.0,0,200000000.0,20000000.0,0.6844861220438756,0,0
MA,1,0.5014,3.2959,2.0685,6.9973,18,3,26500000,4,0,0,1,0,0,0,0,1,0,0,0,0,0,0,0,1,0,1,1,0,0,2.0,1,9155294.524097426,8833333.333333334,0.7954183900731784,0,0
MA,1,3.6986,4.1041,0.0,0.0,4,2,15000000,0,0,0,1,0,0,0,0,0,1,0,0,0,0,0,0,0,0,0,1,0,0,5.0,1,29673590.50445104,7500000.0,0.0,0,0
MD,0,4.3041,4.3041,0.0,0.0,0,1,2600000,0,0,0,0,0,1,0,0,0,0,0,0,0,0,0,1,0,0,1,0,0,0,1.0,0,26000000.0,2600000.0,0.0,0,0
CA,0,2.3973,6.0329,0.0,0.0,1,4,21470000,0,1,0,0,0,0,0,0,0,0,0,0,0,0,0,1,0,0,1,1,0,0,3.5,1,5747403.362244352,5367500.0,0.0,0,0
TX,0,0.0,0.0,0.274,0.863,5,1,20000,2,0,0,0,1,0,0,0,1,0,0,0,0,0,0,0,0,1,0,0,0,0,1.0,0,200000.0,20000.0,2.902757619738752,0,0
CA,0,1.9151,2.5808,2.0,6.9178,10,2,3600000,3,1,0,0,0,0,0,1,0,0,0,0,0,0,0,0,0,1,1,0,0,0,1.0,0,4701580.253362936,1800000.0,0.5978715771852207,0,1
NY,1,0.8329,7.2521,8.0055,8.4,23,7,27300000,4,0,1,0,0,0,0,0,0,0,0,1,0,0,0,0,0,1,1,1,1,1,2.0,1,4187630.3840962085,3900000.0,8.088978766430726,0,0
CA,1,0.5863,0.5863,1.0493,1.0493,8,1,2600000,1,1,0,0,0,0,0,0,0,0,0,0,1,0,0,0,0,0,1,0,0,0,2.0,0,26000000.0,2600000.0,10.0,0,1
CA,0,0.8027,0.8027,0.0,1.411,5,1,5000000,2,1,0,0,0,0,0,1,0,0,0,0,0,0,0,0,0,0,1,0,0,0,1.0,1,50000000.0,5000000.0,1.3236267372600925,0,1
CA,1,4.7589,6.2247,3.6685,6.2247,2,2,17000000,2,1,0,0,0,0,0,0,1,0,0,0,0,0,0,0,0,0,1,1,0,0,3.5,1,10857069.868437855,8500000.0,0.7529553497477598,0,0
ME,0,4.3699,4.3699,0.0,0.0,0,1,662000,0,0,0,0,0,1,0,0,0,0,0,0,0,0,0,1,0,0,1,0,0,0,3.0,0,6620000.0,662000.0,0.0,0,0
NY,1,0.0,1.0247,2.0055,2.7315,12,2,3750000,2,0,1,0,0,0,0,0,0,0,0,0,0,0,0,1,0,1,1,0,0,0,4.0,1,3334222.459322486,1875000.0,2.4213075060532687,0,0
CA,1,0.9726,6.7534,5.2466,9.1534,57,4,45000000,8,1,0,0,0,0,0,0,0,0,0,0,0,0,0,1,0,0,1,1,1,1,4.6667,1,7652020.133315195,11250000.0,1.9966057701906763,0,0
NY,1,3.8849,5.863,2.8356,6.1123,9,2,6700000,4,0,1,0,0,0,0,0,0,0,0,0,0,0,0,1,1,0,0,0,0,0,8.0,1,3224098.936528559,3350000.0,1.1845885035685726,0,0
CA,1,0.1753,3.8795,2.0,4.474,12,3,20750000,2,1,0,0,0,0,0,0,0,0,0,0,0,0,0,1,1,0,1,1,0,0,2.3333,1,5454497.660480522,6916666.666666667,0.777000777000777,0,0
CA,1,1.1616,7.5041,0.0,0.0,5,4,19000000,0,1,0,0,0,0,0,0,0,0,0,1,0,0,0,0,0,0,1,1,1,0,2.0,1,2949165.696546372,4750000.0,0.0,0,0
CA,1,-0.4192,0.6658,0.0,0.0,20,3,22500000,0,1,0,0,0,0,0,0,0,0,0,0,0,0,0,1,1,0,1,0,0,0,4.0,1,18987341.7721519,7500000.0,0.0,0,0
CA,1,0.5041,3.0986,2.2384,3.7562,10,3,7300000,3,1,0,0,0,0,0,0,0,0,1,0,0,0,0,0,0,1,1,1,0,0,2.0,1,2709222.490257933,2433333.3333333335,1.8543701322784023,0,0
WA,0,0.7479,7.8247,4.3151,5.9041,16,7,26390819,3,0,0,0,0,1,0,1,0,0,0,0,0,0,0,0,1,0,1,1,0,0,1.3333,1,3677240.4135547876,3770117.0,1.77619893428064,0,1
WA,1,4.4959,4.4959,0.0,0.0,4,1,10000000,0,0,0,0,0,1,1,0,0,0,0,0,0,0,0,0,0,0,0,0,1,0,3.0,1,100000000.0,10000000.0,0.0,0,0
NY,0,0.0849,0.0849,0.0,0.0,1,1,31000,1,0,1,0,0,0,0,1,0,0,0,0,0,0,0,0,0,1,0,0,0,0,2.0,0,310000.0,31000.0,10.0,0,1
CA,1,1.7479,2.7288,1.7479,6.1452,16,3,21500000,4,1,0,0,0,0,0,0,1,0,0,0,0,0,0,0,0,0,1,1,0,0,3.3333,1,19890831.714312144,7166666.666666667,0.8894225424143376,0,0
CO,1,4.8521,4.8521,6.5863,6.5863,5,1,4000000,1,0,0,0,0,1,0,0,0,0,0,0,0,0,0,1,0,0,0,0,0,0,5.0,1,40000000.0,4000000.0,10.0,0,0
CA,1,0.5041,3.7068,2.9863,4.0219,5,3,9400000,4,1,0,0,0,0,0,0,0,0,0,1,0,0,0,0,1,0,1,1,0,0,4.0,1,2846156.1752505526,3133333.3333333335,3.522367030644594,0,0
NY,1,0.0411,2.1288,1.7562,4.874,9,3,5600000,4,0,1,0,0,0,0,1,0,0,0,0,0,0,0,0,0,0,1,1,0,0,2.0,1,2559765.964254697,1866666.6666666667,1.2430853378084405,0,1
CA,1,2.0027,3.0466,3.5836,5.4767,9,2,6000000,2,1,0,0,0,0,0,0,0,0,0,0,0,0,0,1,0,0,1,1,0,0,2.5,1,5245213.742460004,3000000.0,1.003461943705785,0,0
GA,1,2.137,10.1288,10.4164,12.1863,35,4,60704370,3,0,0,0,0,1,0,0,0,0,0,0,0,0,0,1,1,0,0,1,0,1,2.0,1,7501961.244716874,15176092.5,1.604363869725654,0,0
CA,1,0.7534,3.0712,3.9178,4.5041,16,3,2000000,2,1,0,0,0,0,0,0,0,0,0,0,0,0,0,1,0,1,0,0,0,0,3.6667,1,827198.2794275788,666666.6666666666,2.9141774734081305,0,0
CA,1,0.4548,0.7041,0.5808,1.737,5,2,1000000,3,1,0,0,0,0,0,0,0,0,0,0,0,0,0,1,1,0,1,0,0,0,5.5,1,2862868.5943315206,500000.0,2.388154752427957,0,0
PA,0,1.126,1.4055,0.7918,1.3973,3,2,200000,2,0,0,0,0,1,0,0,0,0,0,1,0,0,0,0,0,1,1,0,0,0,2.0,1,527009.2226613965,100000.0,2.8348688873139616,0,0
CA,0,1.8658,1.8658,0.0,1.863,2,1,2300000,2,1,0,0,0,0,0,0,0,0,0,0,0,0,0,1,0,0,1,0,0,0,2.0,1,23000000.0,2300000.0,1.0188487009679061,0,0
CA,0,2.2164,2.2164,0.7479,3.4164,5,1,1000000,4,1,0,0,0,0,0,0,1,0,0,0,0,0,0,0,0,0,1,0,0,0,1.0,1,10000000.0,1000000.0,1.4448257178977786,0,0
CA,1,0.8356,5.7534,4.9781,7.0301,13,5,24750000,3,1,0,0,0,0,0,0,0,0,0,0,0,0,0,1,1,1,1,1,0,0,2.4,1,4932440.511778071,4950000.0,1.3940520446096656,0,0
IL,0,2.5534,6.3945,6.6356,6.6356,15,2,12800000,1,0,0,0,0,1,1,0,0,0,0,0,0,0,0,0,0,0,1,1,0,0,2.0,1,3247824.2115145517,6400000.0,10.0,0,0
CA,1,4.2384,6.5753,7.0027,7.0027,10,2,30500000,1,1,0,0,0,0,0,0,0,1,0,0,0,0,0,0,0,0,0,0,0,1,4.5,1,12515901.350075915,15250000.0,10.0,0,0
CA,0,5.5671,8.5342,5.6055,7.8384,3,3,36300000,2,1,0,0,0,0,0,0,0,0,0,0,0,0,0,1,1,0,0,0,1,0,1.5,1,11835284.144631736,12100000.0,0.8573020703845,0,0
CA,1,2.1726,3.0849,3.0877,4.7753,7,3,6693782,3,1,0,0,0,0,0,0,0,0,0,0,0,0,0,1,1,0,0,0,0,0,1.6667,1,6612448.878790871,2231260.6666666665,1.6782277914522266,0,0
CA,0,11.4329,11.4329,0.0,0.0,1,1,20000000,0,1,0,0,0,0,0,0,0,0,0,0,0,0,0,1,0,0,0,0,1,0,5.0,1,200000000.0,20000000.0,0.0,0,0
CA,1,3.4767,3.4767,3.6849,5.6274,8,1,11370000,3,1,0,0,0,0,0,0,0,0,0,0,0,0,0,1,0,0,1,0,0,0,2.0,1,113700000.0,11370000.0,1.4687882496940026,0,0
CA,1,0.5863,2.6384,3.5425,6.0712,13,3,16500000,4,1,0,0,0,0,0,1,0,0,0,0,0,0,0,0,0,0,1,1,1,0,1.3333,1,7666929.975372892,5500000.0,1.5216647011830942,0,1
CA,0,0.0,0.0,3.411,3.411,3,1,250000,1,1,0,0,0,0,0,0,0,0,0,0,0,0,0,1,0,1,0,0,0,0,3.0,0,2500000.0,250000.0,10.0,0,0
NY,1,0.5041,3.3562,3.4219,7.2274,9,5,14400000,5,0,1,0,0,0,0,1,0,0,0,0,0,0,0,0,0,1,1,1,0,0,5.8,1,4877883.540530469,2880000.0,1.2802458071949814,0,1
NY,1,0.0,3.9562,4.7616,5.1507,24,5,90000000,3,0,1,0,0,0,0,0,0,1,0,0,0,0,0,0,1,0,1,1,1,1,3.8,1,22188255.017010998,18000000.0,6.1337149867102845,0,0
CA,1,1.0164,7.1534,5.6959,8.1781,10,4,13075000,2,1,0,0,0,0,0,0,0,0,1,0,0,0,0,0,0,0,1,1,0,0,4.0,1,2096360.429693763,3268750.0,0.7745333436604444,0,0
CA,1,-0.4986,-0.4137,-0.4986,5.7699,10,2,26000000,4,1,0,0,0,0,0,0,0,0,0,1,0,0,0,0,0,0,1,0,1,0,2.5,1,140616549.48620877,13000000.0,0.6280913872968518,0,0
MA,1,3.1616,3.6904,3.0027,4.5041,6,2,16300000,2,0,0,1,0,0,0,0,0,1,0,0,0,0,0,0,0,0,0,1,0,0,2.0,1,25922391.857506365,8150000.0,1.2489072061945794,0,0
TX,1,4.4521,7.2274,7.0055,7.0055,5,2,5992316,1,0,0,0,1,0,0,0,0,1,0,0,0,0,0,0,1,0,1,0,0,0,2.0,0,2084066.3582930472,2996158.0,10.0,0,0
CA,1,3.0575,5.011,0.0,0.0,2,4,89400001,0,1,0,0,0,0,0,0,0,0,0,0,0,1,0,0,1,0,1,1,0,0,4.3333,1,43535427.80618456,22350000.25,0.0,1,0
CA,0,0.8027,0.8027,5.3151,5.3151,4,1,1200000,1,1,0,0,0,0,1,0,0,0,0,0,0,0,0,0,0,0,1,0,0,0,1.0,0,12000000.0,1200000.0,10.0,0,0
NY,0,1.1836,1.3781,1.3288,3.1096,7,2,1900000,2,0,1,0,0,0,0,1,0,0,0,0,0,0,0,0,0,1,1,0,0,0,2.5,1,6451612.903225805,950000.0,1.0633772862611655,0,1
CA,0,9.3534,12.4055,7.0055,11.3836,9,3,30300000,2,1,0,0,0,0,0,0,0,0,0,1,0,0,0,0,1,0,0,0,0,1,4.5,1,9612639.192919008,10100000.0,0.44661798530626834,0,0
NY,0,2.0027,2.0027,0.0,0.0,4,1,500000,0,0,1,0,0,0,0,1,0,0,0,0,0,0,0,0,0,1,0,0,0,0,5.0,0,5000000.0,500000.0,0.0,0,1
CA,1,0.0,6.9671,6.4247,7.3562,19,5,74000000,2,1,0,0,0,0,0,0,0,0,0,0,0,0,0,1,0,1,1,1,1,1,1.75,1,10471056.020149708,14800000.0,1.938923897237032,0,0
TX,1,7.1205,7.1205,0.0,0.0,3,1,18800000,0,0,0,0,1,0,0,0,0,0,0,0,0,0,0,1,0,0,0,0,1,0,7.0,1,188000000.0,18800000.0,0.0,0,0
MI,0,0.3288,0.3288,-0.4192,-0.4192,3,1,20000,1,0,0,0,0,1,0,1,0,0,0,0,0,0,0,0,0,1,0,0,0,0,1.0,0,200000.0,20000.0,10.0,0,1
VA,1,0.1616,2.1781,1.5096,2.1781,3,4,3350000,2,0,0,0,0,1,0,0,1,0,0,0,0,0,0,0,0,1,1,1,0,0,1.5,0,1582801.7954169617,837500.0,2.6024723487312946,0,0
NJ,1,5.0192,5.0192,0.0,0.0,1,1,26100000,0,0,0,0,0,1,0,0,0,0,0,0,0,1,0,0,1,0,0,0,0,0,2.0,1,261000000.0,26100000.0,0.0,1,0
PA,0,1.411,2.5151,0.0,0.0,0,2,1213066,0,0,0,0,0,1,0,0,0,1,0,0,0,0,0,0,1,0,0,0,0,0,1.0,1,1007446.2253965618,606533.0,0.0,0,0
CA,1,0.8438,4.2219,0.7616,4.9288,18,3,24030000,3,1,0,0,0,0,0,0,0,0,1,0,0,0,0,0,0,0,1,1,0,0,3.6667,1,6908944.538684914,8010000.0,0.7030371203599551,0,0
CA,1,0.4986,3.4247,1.9863,5.9616,14,3,13100000,5,1,0,0,0,0,0,0,0,0,0,0,0,0,0,1,0,1,0,1,1,0,1.6667,1,4329004.329004329,4366666.666666667,1.226903540843619,0,0
NY,1,0.0822,1.7671,0.3014,5.0082,6,3,560001,5,0,1,0,0,0,1,0,0,0,0,0,0,0,0,0,1,1,0,0,0,0,3.5,1,313743.6270939548,186667.0,1.040193059831905,0,0
MN,1,2.8493,2.8493,2.9068,4.1918,7,1,3500000,3,0,0,0,0,1,0,0,0,1,0,0,0,0,0,0,0,0,1,0,0,0,2.0,1,35000000.0,3500000.0,2.1660649819494586,0,0
MA,1,0.1616,7.5041,7.0521,8.6192,45,7,121500000,3,0,0,1,0,0,0,0,1,0,0,0,0,0,0,0,1,0,1,1,1,1,4.5,1,16325159.556600604,17357142.85714286,1.7995321216483724,0,0
CA,1,0.9726,3.8438,2.0,2.0,18,4,42500000,1,1,0,0,0,0,0,0,1,0,0,0,0,0,0,0,1,0,1,1,1,0,2.5,1,14303984.92191707,10625000.0,10.0,0,0
NC,1,5.4384,6.4192,6.0055,6.0055,26,2,36000000,1,0,0,0,0,1,1,0,0,0,0,0,0,0,0,0,1,0,0,0,0,1,3.5,1,33308660.25166542,18000000.0,10.0,0,0
CA,0,2.5973,2.5973,2.9178,5.4822,7,1,12170000,2,1,0,0,0,0,0,0,0,1,0,0,0,0,0,0,0,0,0,0,1,0,3.0,1,121700000.0,12170000.0,0.7506380423359856,0,0
NY,1,5.7534,5.7534,8.0055,9.8356,4,1,1000000,2,0,1,0,0,0,1,0,0,0,0,0,0,0,0,0,0,0,1,0,0,0,3.0,1,10000000.0,1000000.0,1.0362157401170924,0,0
CA,1,3.337,3.937,-2.4986,4.7205,5,3,1820000,4,1,0,0,0,0,0,0,1,0,0,0,0,0,0,0,0,1,0,0,0,0,1.0,0,2600000.0000000014,606666.6666666666,0.546515281933571,0,0
WA,1,4.6,9.4164,5.2575,9.7753,19,4,5700000000,2,0,0,0,0,1,0,0,1,0,0,0,0,0,0,0,0,0,0,0,0,0,4.25,1,1159384915.7920432,1425000000.0,0.4331066741738491,0,0
TX,1,6.9699,6.9699,0.0849,11.9699,6,1,5000000,2,0,0,0,1,0,0,0,0,0,0,0,0,0,0,1,0,0,0,0,1,0,5.0,1,50000000.0,5000000.0,0.1668752607425949,0,0
NY,1,0.8384,1.4055,1.6356,1.6356,4,2,18800000,1,0,1,0,0,0,0,0,0,0,0,0,0,0,0,1,0,0,1,1,0,0,2.5,1,28181681.90676061,9400000.0,10.0,0,0
CA,1,2.3452,3.3534,0.0,0.0,3,2,72300000,0,1,0,0,0,0,0,0,0,0,1,0,0,0,0,0,0,0,0,1,1,0,4.5,1,65240931.2398484,36150000.0,0.0,0,0
CA,1,-0.137,3.1452,-2.0932,4.4082,3,3,1310000,4,1,0,0,0,0,0,0,0,0,0,0,0,0,0,1,0,1,0,0,0,0,1.0,0,387321.86151025956,436666.6666666667,0.605932075014391,0,0
MA,0,2.4164,4.7753,4.0027,4.0027,2,2,15000000,1,0,0,1,0,0,1,0,0,0,0,0,0,0,0,0,0,0,1,1,0,0,2.5,1,6100288.7470006915,7500000.0,10.0,0,0
NY,1,2.2521,4.7397,5.337,7.274,22,3,39007789,5,0,1,0,0,0,0,0,0,1,0,0,0,0,0,0,0,0,1,1,1,0,3.0,1,15074891.405163085,13002596.333333334,2.4545900834560626,0,0
MA,1,2.0685,2.0685,-1.9151,-1.9151,3,1,25000000,1,0,0,1,0,0,1,0,0,0,0,0,0,0,0,0,0,0,0,0,0,1,5.0,1,250000000.0,25000000.0,10.0,0,0
MA,1,0.3288,2.0932,1.3288,2.7534,4,3,172500,2,0,0,1,0,0,0,1,0,0,0,0,0,0,0,0,0,1,0,0,0,0,1.0,0,92523.0637202317,57500.0,1.3118194936376752,0,1
NY,1,1.6658,2.1123,2.3041,3.5507,23,2,6100000,2,0,1,0,0,0,0,0,0,0,0,0,0,0,0,1,0,0,1,1,0,0,1.0,1,11161939.615736507,3050000.0,1.4852220406950838,0,0
CA,1,2.2192,7.9315,1.6685,9.0904,7,3,40300000,5,1,0,0,0,0,0,0,1,0,0,0,0,0,0,0,1,0,0,1,1,0,4.0,1,6933571.907850593,13433333.333333334,0.6647256677169332,0,0
CA,0,0.3616,0.3616,0.3753,0.5425,9,1,100000,3,1,0,0,0,0,0,0,0,0,0,0,1,0,0,0,0,1,0,0,0,0,1.0,0,1000000.0,100000.0,11.227544910179642,0,1
WA,1,0.3342,5.4904,2.7507,5.589,14,5,19389998,2,0,0,0,0,1,0,0,0,0,0,0,0,0,0,1,1,0,1,1,1,0,1.5,1,3688976.4468627525,3877999.6,0.6806656910458427,0,0
CA,1,2.4822,4.8192,5.5863,11.9452,21,2,61500000,3,1,0,0,0,0,0,0,0,0,0,0,0,0,0,1,0,0,0,1,0,1,4.0,1,25235945.835043084,30750000.0,0.4644753750638654,0,0
CA,1,3.4411,3.4411,4.0027,5.7178,6,1,6000000,2,1,0,0,0,0,1,0,0,0,0,0,0,0,0,0,0,0,1,0,0,0,2.0,1,60000000.0,6000000.0,1.10186766569335,0,0
MA,1,-0.0027,5.0055,4.9507,7.3726,23,4,19100000,6,0,0,1,0,0,0,0,1,0,0,0,0,0,0,0,0,0,1,1,1,0,2.5,1,3739086.175169336,4775000.0,2.3791585709187517,0,0
NY,1,0.2219,2.0548,0.0411,3.9178,8,4,3499997,3,0,1,0,0,0,0,0,0,0,1,0,0,0,0,0,1,0,1,0,0,0,1.5,1,1810749.1334264574,874999.25,0.7543943470716926,0,0
CA,1,1.2521,1.874,4.7178,5.0959,13,3,2600000,2,1,0,0,0,0,0,0,0,0,0,0,0,0,0,1,0,1,1,0,0,0,3.6667,1,3601606.8707577223,866666.6666666666,4.183225266680612,0,0
CA,1,-0.4466,1.1479,3.0603,3.7479,14,3,2023000,2,1,0,0,0,0,0,1,0,0,0,0,0,0,0,0,0,1,1,0,0,0,1.3333,1,1193862.4963115964,674333.3333333334,2.539360081259522,0,1
CA,1,5.1068,5.1068,0.0,0.0,3,1,25000000,0,1,0,0,0,0,0,0,0,0,0,0,0,0,0,1,1,0,0,0,0,0,4.0,1,250000000.0,25000000.0,0.0,0,0
CA,1,0.7205,3.5945,2.8384,4.0192,17,4,66000000,4,1,0,0,0,0,0,0,0,0,0,0,0,0,0,1,1,0,1,1,1,0,2.3333,1,22192333.557498317,16500000.0,3.1230480949406627,0,0
NY,1,1.4192,1.4466,1.663,1.663,5,2,1000000,1,0,1,0,0,0,0,0,0,0,1,0,0,0,0,0,0,1,0,0,0,0,3.5,0,7849293.563579272,500000.0,10.0,0,0
CA,1,1.3288,2.063,3.2493,3.7836,11,2,13000000,2,1,0,0,0,0,0,0,1,0,0,0,0,0,0,0,0,0,1,1,0,0,3.0,1,15583792.85543035,6500000.0,3.1530821377896894,0,0
MA,0,7.6932,14.0329,12.5041,14.0329,3,3,24150000,2,0,0,1,0,0,1,0,0,0,0,0,0,0,0,0,1,0,1,1,0,0,2.3333,1,3750174.6975790802,8050000.0,1.2278978388998032,0,0
CA,0,5.8411,8.2219,0.0,0.0,4,3,47218498,0,1,0,0,0,0,0,0,0,0,0,0,0,0,0,1,1,0,0,0,1,1,3.3333,1,19033577.07191229,15739499.333333334,0.0,0,0
MA,1,3.6137,4.3753,0.0,7.9178,1,2,11800000,2,0,0,1,0,0,0,0,0,0,0,0,0,0,0,1,0,0,0,0,1,1,4.5,1,13695450.324976787,5900000.0,0.24944498490857844,0,0
NV,0,1.5973,2.1781,0.0822,0.0822,2,2,2387481,1,0,0,0,0,1,0,0,0,0,0,0,0,0,0,1,1,0,0,0,0,0,1.0,1,3506875.734430081,1193740.5,10.0,0,0
MA,1,0.8356,7.5863,11.589,13.5863,35,4,33000000,5,0,0,1,0,0,0,0,0,0,0,0,0,0,1,0,1,0,1,1,1,0,2.5,1,4817025.997343338,8250000.0,2.384017546369142,0,0
VA,1,2.6712,3.8822,4.0027,7.3205,4,2,7500000,3,0,0,0,0,1,1,0,0,0,0,0,0,0,0,0,0,0,1,1,0,0,1.5,1,5720823.798627,3750000.0,0.8777576218620164,0,0
CA,1,6.7479,6.7479,4.0027,4.0027,3,1,25000000,1,1,0,0,0,0,0,0,0,0,0,0,0,1,0,0,0,0,0,0,1,0,1.0,1,250000000.0,25000000.0,10.0,1,0
CA,1,3.7096,8.9562,4.0027,4.0027,7,4,25305000,1,1,0,0,0,0,1,0,0,0,0,0,0,0,0,0,1,0,1,1,1,0,2.0,1,4732914.375490966,6326250.0,10.0,0,0
CA,1,0.8356,1.8986,2.3014,3.8356,21,2,4950000,3,1,0,0,0,0,0,1,0,0,0,0,0,0,0,0,0,1,1,0,0,0,12.5,1,4256233.877901977,2475000.0,1.8357606168155673,0,1
CA,1,2.2712,6.3781,0.0,0.0,8,6,53816776,0,1,0,0,0,0,1,0,0,0,0,0,0,0,0,0,1,0,0,1,1,1,5.0,1,12792501.842211608,8969462.666666666,0.0,0,0
NY,1,-0.1671,0.9151,2.674,8.3836,15,2,3500000,4,0,1,0,0,0,0,1,0,0,0,0,0,0,0,0,0,0,1,1,0,0,5.5,1,2960581.965826425,1750000.0,0.6885155604516663,0,1
CA,1,5.0767,5.0767,4.7562,6.0466,7,1,5000000,2,1,0,0,0,0,0,0,0,1,0,0,0,0,0,0,0,0,1,0,0,0,1.0,0,50000000.0,5000000.0,1.4384349827387801,0,0
CA,1,0.0,2.5397,3.7699,5.9233,9,3,2515000,3,1,0,0,0,0,0,0,0,0,0,0,0,0,0,1,1,1,1,0,0,0,1.6667,1,952759.7833087094,838333.3333333334,1.331321558533771,0,0
MA,1,1.0849,2.4986,2.5205,5.0192,10,2,8400000,3,0,0,1,0,0,0,1,0,0,0,0,0,0,0,0,0,0,1,1,0,0,2.0,1,5549316.244962674,4200000.0,1.1544233655289184,0,1
CA,0,2.5836,4.0027,2.0301,4.6164,5,2,4900000,3,1,0,0,0,0,0,0,1,0,0,0,0,0,0,0,0,0,1,1,0,0,1.0,1,3225594.1017707856,2450000.0,1.1167777240069987,0,0
WA,0,4.2959,4.2959,5.0027,5.0027,3,1,5000000,1,0,0,0,0,1,1,0,0,0,0,0,0,0,0,0,1,0,0,0,0,0,5.0,1,50000000.0,5000000.0,10.0,0,0
NY,1,4.4904,4.4904,0.0,0.0,2,1,11000000,0,0,1,0,0,0,0,0,0,0,0,0,0,0,0,1,0,0,0,0,1,0,3.0,1,110000000.0,11000000.0,0.0,0,0
CA,1,1.0027,8.2548,0.0,0.0,6,4,68400000,0,1,0,0,0,0,0,0,1,0,0,0,0,0,0,0,1,0,1,0,1,1,4.0,1,9303464.316317787,17100000.0,0.0,0,0
CA,1,3.0877,4.2795,3.6356,4.6685,7,2,2000000,2,1,0,0,0,0,1,0,0,0,0,0,0,0,0,0,0,1,1,0,0,0,8.5,1,1548227.2797646697,1000000.0,1.76538088092506,0,0
NY,0,0.6685,1.926,0.0,0.0,2,2,10800000,1,0,1,0,0,0,0,0,0,1,0,0,0,0,0,0,1,0,1,0,0,0,2.0,1,7955801.1049723765,5400000.0,10.0,0,0
NY,1,-0.0219,5.2329,5.7616,7.4877,31,5,37000000,3,0,1,0,0,0,0,0,0,0,0,0,0,0,0,1,1,0,1,1,1,0,2.5,1,6909688.503772317,7400000.0,1.6428454082470834,0,0
CA,1,2.5233,2.5233,4.0027,9.8849,5,1,7660000,3,1,0,0,0,0,0,0,0,0,0,0,0,0,0,1,0,0,1,0,0,0,6.0,1,76600000.0,7660000.0,0.5014877469827154,0,0
MA,1,0.3397,5.2247,3.0,6.0329,5,4,48730000,3,0,0,1,0,0,1,0,0,0,0,0,0,0,0,0,1,0,1,1,1,0,3.0,1,9775325.9779338,12182500.0,0.9575792396820838,0,0
CA,0,0.0,1.4137,1.4137,1.4137,1,2,3350000,1,1,0,0,0,0,0,0,0,0,0,0,0,0,0,1,0,1,1,0,0,0,2.5,1,2213120.169122019,1675000.0,10.0,0,0
CA,0,3.8767,7.1973,2.6658,7.1973,3,4,28000000,2,1,0,0,0,0,0,0,0,0,0,0,1,0,0,0,1,0,0,1,1,0,3.0,1,8185698.415482664,7000000.0,0.43182554248083777,0,1
TX,1,1.4959,1.4959,2.0849,2.0849,5,1,2500000,1,0,0,0,1,0,0,0,0,0,0,0,0,0,0,1,0,0,1,0,0,0,2.0,1,25000000.0,2500000.0,10.0,0,0
IL,1,0.3315,1.1644,2.0795,9.3507,16,2,8000000,4,0,0,0,0,1,0,1,0,0,0,0,0,0,0,0,0,0,1,1,0,0,4.0,1,8575410.011791188,4000000.0,0.542652485348383,0,1
NY,1,0.5836,1.6521,0.6329,4.263,6,2,540000,2,0,1,0,0,0,0,1,0,0,0,0,0,0,0,0,0,1,0,0,0,0,2.5,1,462130.93709884473,270000.0,0.5361786547277553,0,1
CA,1,0.0,1.2466,1.0,5.4384,4,2,3100000,4,1,0,0,0,0,0,0,0,0,0,1,0,0,0,0,0,1,1,0,0,0,2.0,1,2302094.16307738,1550000.0,0.8813678829543453,0,0
NY,1,1.0904,2.326,2.8301,4.6904,8,2,1200000,2,0,1,0,0,0,0,0,1,0,0,0,0,0,0,0,0,1,1,0,0,0,6.0,1,898472.596585804,600000.0,1.020252002244554,0,0
NY,0,0.0,0.0,0.1096,0.1096,2,1,5000000,1,0,1,0,0,0,0,0,0,0,0,1,0,0,0,0,0,0,1,0,0,0,2.0,0,50000000.0,5000000.0,10.0,0,0
CA,1,0.6658,7.3753,2.3726,2.3726,6,6,37079000,1,1,0,0,0,0,0,0,0,0,0,0,0,0,0,1,1,0,0,0,1,1,3.8,1,5445186.871282767,6179833.333333333,10.0,0,0
MA,1,4.3315,11.1699,8.7041,8.7068,3,4,135826373,2,0,0,1,0,0,0,0,0,0,0,0,0,0,0,1,0,0,0,1,0,1,4.3333,1,19576036.694338754,33956593.25,19.474196689386744,0,0
CA,0,-0.3342,0.2301,0.0,0.0,5,2,5000000,0,1,0,0,0,0,0,0,1,0,0,0,0,0,0,0,1,1,0,0,0,0,1.0,1,7526719.855486979,2500000.0,0.0,0,0
NY,1,0.2082,1.0849,0.1616,2.6521,3,4,4200000,3,0,1,0,0,0,1,0,0,0,0,0,0,0,0,0,0,1,1,0,0,0,3.0,1,4300194.532609808,1050000.0,1.1580775911986103,0,0
WA,0,3.5808,3.5808,-1.0027,7.5918,3,1,4100000,3,0,0,0,0,1,0,1,0,0,0,0,0,0,0,0,1,0,0,0,0,0,1.0,1,41000000.0,4100000.0,0.34504571855770894,0,1
CA,0,0.7726,0.7726,0.3123,1.1479,3,1,2000000,2,1,0,0,0,0,0,1,0,0,0,0,0,0,0,0,0,0,0,0,0,0,1.0,0,20000000.0,2000000.0,2.1376656690893547,0,1
CO,1,5.0027,5.0027,5.4986,5.4986,3,1,6500000,1,0,0,0,0,1,1,0,0,0,0,0,0,0,0,0,1,0,0,0,0,0,1.0,1,65000000.0,6500000.0,10.0,0,0
CA,0,1.4521,1.4521,0.0,0.0,0,1,4000000,0,1,0,0,0,0,0,1,0,0,0,0,0,0,0,0,0,0,1,0,0,0,3.0,0,40000000.0,4000000.0,0.0,0,1
CA,0,0.2466,1.0,1.1616,1.1616,3,5,185000,1,1,0,0,0,0,0,0,1,0,0,0,0,0,0,0,1,1,0,0,0,0,2.0,1,216779.9390672604,37000.0,10.0,0,0
OR,1,2.6959,2.6959,3.2192,4.0027,5,1,1300000,2,0,0,0,0,1,0,0,1,0,0,0,0,0,0,0,0,0,1,0,0,0,1.0,0,13000000.0,1300000.0,2.2637238256932655,0,0
NY,1,3.7945,3.7945,0.0,0.0,21,1,45000000,0,0,1,0,0,0,0,0,0,0,1,0,0,0,0,0,0,0,0,1,0,0,1.0,0,450000000.0,45000000.0,0.0,0,0
MA,1,2.3041,2.3041,-0.3342,2.3589,4,1,2500000,3,0,0,1,0,0,0,0,0,0,0,0,0,0,0,1,0,0,1,0,0,0,2.0,1,25000000.0,2500000.0,1.0740754000930863,0,0
TX,1,0.5808,2.737,1.9151,4.6603,11,2,9200000,2,0,0,0,1,0,0,1,0,0,0,0,0,0,0,0,0,0,1,1,0,0,1.0,1,4077652.690364329,4600000.0,0.7029382820188386,0,1
CA,0,-1.4712,-0.137,0.0,0.0,0,4,435953,0,1,0,0,0,0,0,1,0,0,0,0,0,0,0,0,0,1,0,0,0,0,1.0,0,303969.46032631426,108988.25,0.0,0,1
CT,0,-1.0,0.0,-1.5863,0.863,9,2,55600000,2,0,0,0,0,1,0,0,0,0,0,0,0,0,0,1,0,0,1,1,0,0,2.0,0,50545454.54545454,27800000.0,0.7845290864158788,0,0
CO,1,6.263,6.263,1.0,1.0,2,1,10000000,1,0,0,0,0,1,1,0,0,0,0,0,0,0,0,0,1,0,0,0,0,0,1.0,0,100000000.0,10000000.0,10.0,0,0
WA,0,0.8329,0.8329,0.6658,0.6658,3,1,12000,1,0,0,0,0,1,0,0,0,0,0,1,0,0,0,0,0,1,0,0,0,0,1.0,1,120000.0,12000.0,10.0,0,0
MD,0,4.0301,4.0849,0.0,0.0,3,2,2257464,0,0,0,0,0,1,0,0,0,0,0,0,0,1,0,0,1,0,0,0,0,0,1.0,0,14583100.77519378,1128732.0,0.0,1,0
NY,1,0.1671,0.5288,0.1671,2.4438,4,2,983000,2,0,1,0,0,0,0,0,0,0,0,0,0,0,0,1,0,1,0,0,0,0,6.0,1,2129088.1524799652,491500.0,0.8415029242226617,0,0
CA,1,1.4466,2.5068,2.5014,3.6411,15,2,41000000,2,1,0,0,0,0,0,0,0,0,0,0,0,0,0,1,0,0,0,1,1,0,1.5,1,35338734.70091363,20500000.0,1.6132935387593772,0,0
TX,0,3.6685,5.5589,0.0,0.0,0,3,9100000,0,0,0,0,1,0,1,0,0,0,0,0,0,0,0,0,1,0,0,1,1,0,1.0,0,4571945.337620578,3033333.3333333335,0.0,0,0
CA,0,2.4438,7.1973,-2.0575,6.8767,6,3,25500100,3,1,0,0,0,0,1,0,0,0,0,0,0,0,0,0,1,0,0,1,0,0,2.5,1,5253961.059029566,8500033.333333334,0.3320714617785747,0,0
CA,1,0.2959,0.2959,1.5863,1.6658,3,1,400000,2,1,0,0,0,0,0,1,0,0,0,0,0,0,0,0,0,1,0,0,0,0,1.0,1,4000000.0,400000.0,11.142061281337053,0,1
NY,1,4.737,8.3479,0.0,0.0,4,10,22165091,0,0,1,0,0,0,0,0,0,0,0,0,0,0,0,1,1,0,0,1,0,0,2.0,1,5972969.09105608,2216509.1,0.0,0,0
CA,1,0.1671,0.1671,0.6712,3.3151,4,1,500000,2,1,0,0,0,0,0,0,0,0,0,0,0,0,0,1,0,0,1,0,0,0,4.0,1,5000000.0,500000.0,0.7288895367906992,0,0
CA,1,0.663,5.8849,6.211,8.6082,29,5,70000000,4,1,0,0,0,0,0,1,0,0,0,0,0,0,0,0,0,0,1,1,1,1,2.8,1,13153197.166425526,14000000.0,1.6017940092904053,0,1
IL,1,1.2603,3.1781,2.8411,2.8411,6,2,4700000,1,0,0,0,0,1,0,0,0,0,0,0,0,0,0,1,1,0,1,0,0,0,1.0,1,2329269.5014372086,2350000.0,10.0,0,0
MA,1,2.0055,2.0055,0.0,0.0,1,1,30000000,1,0,0,1,0,0,0,0,0,0,0,0,1,0,0,0,1,0,0,0,0,0,2.0,1,300000000.0,30000000.0,10.0,0,1
MA,1,2.0658,9.3836,7.0055,7.0055,13,5,39000000,1,0,0,1,0,0,1,0,0,0,0,0,0,0,0,0,0,0,0,1,1,1,3.25,1,5257623.5541535225,7800000.0,10.0,0,0
CA,1,6.4356,9.0,10.0082,10.0082,10,3,32000000,1,1,0,0,0,0,0,0,0,0,0,0,0,0,0,1,0,0,0,0,0,1,3.0,1,12010208.67737577,10666666.666666666,10.0,0,0
MA,1,0.1151,1.1507,0.0,0.0,7,3,42000000,0,0,0,1,0,0,0,0,0,0,1,0,0,0,0,0,0,0,1,1,1,0,2.6667,1,36984853.821768224,14000000.0,0.0,0,0
CA,1,4.3726,9.3616,4.0027,9.3616,5,3,24510540,2,1,0,0,0,0,0,0,0,1,0,0,0,0,0,0,1,0,1,1,0,0,2.6667,1,4816376.498329732,8170180.0,0.3663741779479383,0,0
CA,0,5.6548,5.6548,0.0,0.0,0,1,2500000,0,1,0,0,0,0,1,0,0,0,0,0,0,0,0,0,1,0,0,0,0,0,2.0,1,25000000.0,2500000.0,0.0,0,0
FL,1,3.6027,7.926,8.5945,9.1096,1,3,21460663,2,0,0,0,0,1,1,0,0,0,0,0,0,0,0,0,0,0,0,1,1,1,4.5,1,4851731.286595981,7153554.333333333,3.2515038205169873,0,0
NY,1,5.3507,5.3507,0.0,0.0,6,1,15000000,0,0,1,0,0,0,0,0,0,0,0,1,0,0,0,0,0,0,0,0,1,0,4.0,1,150000000.0,15000000.0,0.0,0,0
CA,0,1.4137,4.2795,1.3288,5.1836,5,2,889999,2,1,0,0,0,0,0,0,1,0,0,0,0,0,0,0,1,1,0,0,0,0,3.5,1,300087.32888259494,444999.5,0.5057145746940427,0,0
CA,1,4.2219,4.2219,3.0,3.0,6,1,16000000,1,1,0,0,0,0,1,0,0,0,0,0,0,0,0,0,0,0,0,1,0,0,3.0,1,160000000.0,16000000.0,10.0,0,0
CA,1,2.4192,2.4192,2.5041,8.3973,5,1,7000000,4,1,0,0,0,0,0,1,0,0,0,0,0,0,0,0,0,0,0,1,0,0,2.0,1,70000000.0,7000000.0,0.6674230794900888,0,1
NY,0,0.7479,0.7479,0.0,0.0,3,2,100000,0,0,1,0,0,0,0,0,0,0,1,0,0,0,0,0,0,1,0,0,0,0,1.0,0,1000000.0,50000.0,0.0,0,0
NY,1,1.9041,1.9041,1.9041,4.0027,13,1,1500000,3,0,1,0,0,0,0,0,0,0,0,0,0,0,0,1,0,0,1,0,0,0,1.0,0,15000000.0,1500000.0,1.3645046847994176,0,0
WA,1,6.0356,6.0356,10.4959,12.6137,19,1,8000000,4,0,0,0,0,1,0,1,0,0,0,0,0,0,0,0,1,0,0,0,0,0,1.0,1,80000000.0,8000000.0,1.8035891423933634,0,1
CA,1,0.2521,0.7425,4.2082,6.3479,22,2,4000000,4,1,0,0,0,0,0,1,0,0,0,0,0,0,0,0,0,0,1,1,0,0,3.0,1,6775067.750677506,2000000.0,1.7859534759119522,0,1
CA,0,0.0164,0.0164,0.0,0.0,3,1,25000,0,1,0,0,0,0,0,1,0,0,0,0,0,0,0,0,0,1,0,0,0,0,1.0,0,250000.0,25000.0,0.0,0,1
CA,1,2.4301,9.0055,8.5781,10.0137,10,6,64630000,3,1,0,0,0,0,0,0,1,0,0,0,0,0,0,0,1,0,0,1,1,0,3.6667,1,9681816.819965845,10771666.666666666,1.9536337587913506,0,0
CA,0,1.0,3.6493,3.4986,3.4986,10,2,12100000,1,1,0,0,0,0,0,1,0,0,0,0,0,0,0,0,0,0,1,1,0,0,1.0,1,4401120.285163496,6050000.0,10.0,0,1
CA,1,4.2192,5.611,5.0027,5.0027,9,2,20000000,1,1,0,0,0,0,1,0,0,0,0,0,0,0,0,0,0,0,0,0,1,1,4.5,1,13406622.87169862,10000000.0,10.0,0,0
TX,0,2.0301,9.3808,9.0055,9.0055,10,4,49600000,1,0,0,0,1,0,0,0,0,0,0,0,0,0,0,1,0,0,0,1,1,0,2.6667,1,6657092.622169728,12400000.0,10.0,0,0
CA,1,7.5123,9.9479,0.4164,0.4164,3,5,51450000,1,1,0,0,0,0,0,0,0,0,0,1,0,0,0,0,1,0,0,0,0,1,5.6667,1,20291055.371509694,10290000.0,10.0,0,0
CA,1,-0.1808,2.5178,4.6904,4.6904,7,2,6300000,1,1,0,0,0,0,0,0,0,0,0,0,0,0,0,1,0,0,1,1,0,0,2.0,1,2251125.5627813907,3150000.0,10.0,0,0
NY,0,2.0,2.0,1.0274,3.1644,8,1,200000,3,0,1,0,0,0,0,0,1,0,0,0,0,0,0,0,0,1,0,0,0,0,2.0,1,2000000.0,200000.0,1.3410818059901652,0,0
OH,0,0.0,0.0,0.0,0.0,2,1,20000,1,0,0,0,0,1,0,0,0,0,0,0,0,0,0,1,0,1,0,0,0,0,1.0,0,200000.0,20000.0,10.0,0,0
MA,1,0.0,3.3945,6.9781,9.2192,13,2,11600000,3,0,0,1,0,0,0,0,0,0,0,0,0,0,0,1,0,0,1,0,1,0,2.0,1,3319502.074688797,5800000.0,1.2814488915467086,0,0
CA,1,0.1205,0.1205,-0.2438,5.263,6,1,9150000,2,1,0,0,0,0,0,1,0,0,0,0,0,0,0,0,0,0,1,0,0,0,2.0,1,91500000.0,9150000.0,0.35670970963829635,0,1
OH,0,0.2849,0.2849,0.0,0.2849,2,1,1200000,2,0,0,0,0,1,0,0,0,0,1,0,0,0,0,0,0,0,1,0,0,0,4.0,1,12000000.0,1200000.0,5.196154845414393,0,0
CA,0,1.8301,1.8301,1.1616,1.1616,4,1,1700000,2,1,0,0,0,0,0,0,0,0,0,0,0,0,0,1,0,0,0,0,0,0,7.0,1,17000000.0,1700000.0,20.0,0,0
CA,1,0.5808,2.5123,0.5918,4.9699,9,3,1415000,4,1,0,0,0,0,0,0,0,0,0,0,0,0,0,1,1,1,0,0,0,0,1.0,1,696529.6578882599,471666.6666666667,0.8932359706125367,0,0
CA,1,1.0849,3.1342,5.9178,7.9342,16,2,4200000,2,1,0,0,0,0,0,0,0,1,0,0,0,0,0,0,0,0,1,1,0,0,1.5,1,1954124.5987065558,2100000.0,0.945000945000945,0,0
MA,1,0.9151,1.6356,4.8521,6.0904,7,2,500000,2,0,0,1,0,0,0,1,0,0,0,0,0,0,0,0,0,1,1,0,0,0,2.0,0,609384.5216331506,250000.0,1.494433236195173,0,1
TX,1,5.9507,5.9507,0.0,0.0,1,1,21500000,0,0,0,0,1,0,0,0,0,0,0,0,0,0,0,1,0,0,0,0,1,0,4.0,1,215000000.0,21500000.0,0.0,0,0
UT,1,0.0411,1.5863,2.2795,4.3918,4,2,10000000,2,0,0,0,0,1,0,1,0,0,0,0,0,0,0,0,0,0,1,0,0,0,2.0,0,6078288.353999513,5000000.0,0.9040365230755323,0,1
CA,0,1.0877,2.5616,4.0027,4.0027,7,2,9500000,1,1,0,0,0,0,1,0,0,0,0,0,0,0,0,0,0,0,1,1,0,0,2.5,1,6035961.623991359,4750000.0,10.0,0,0
NM,0,2.9808,5.211,0.0,0.0,4,2,13875001,0,0,0,0,0,1,0,0,0,0,0,0,0,0,0,1,0,0,0,0,0,0,10.0,1,5954424.942065057,6937500.5,0.0,0,0
NJ,0,10.9068,10.9068,9.2548,9.2548,5,1,275000,1,0,0,0,0,1,1,0,0,0,0,0,0,0,0,0,0,1,0,0,0,0,2.0,0,2750000.0,275000.0,10.0,0,0
CA,1,0.0849,5.0356,1.8329,1.8329,10,3,19743770,1,1,0,0,0,0,1,0,0,0,0,0,0,0,0,0,0,0,0,1,1,0,2.5,1,3909115.5681390706,6581256.666666667,10.0,0,0
MA,1,2.0849,4.0192,2.5041,2.5041,5,5,1178000,1,0,0,1,0,0,1,0,0,0,0,0,0,0,0,0,0,1,0,0,0,0,5.0,1,579068.967212309,235600.0,10.0,0,0
CA,1,0.7479,2.7945,2.0575,3.8356,5,3,25000000,2,1,0,0,0,0,0,0,0,0,0,0,0,0,0,1,0,0,1,1,0,0,2.0,1,11646324.420013042,8333333.333333333,1.0649060220435547,0,0
PA,1,1.5863,3.1808,0.0,0.0,1,3,24150000,0,0,0,0,0,1,0,0,0,0,0,0,0,0,0,1,1,0,1,1,0,0,2.0,1,14251991.737975802,8050000.0,0.0,0,0
CA,0,1.7479,3.5452,2.0,2.0,4,2,80000000,1,1,0,0,0,0,0,0,1,0,0,0,0,0,0,0,0,0,1,1,0,0,1.0,0,42165182.1008802,40000000.0,10.0,0,0
CA,1,1.4164,3.326,4.4192,9.8164,11,2,36000000,3,1,0,0,0,0,0,0,0,0,0,0,0,0,0,1,0,0,1,1,0,0,3.5,1,17914012.738853503,18000000.0,0.5457323728443572,0,0
MO,0,1.3973,1.3973,0.0,0.0,1,1,205000,0,0,0,0,0,1,0,0,0,0,0,0,0,0,0,1,0,1,0,0,0,0,1.0,0,2050000.0,205000.0,0.0,0,0
CA,1,-0.0438,4.211,6.4164,9.0658,27,4,28300000,4,1,0,0,0,0,0,1,0,0,0,0,0,0,0,0,0,0,1,1,1,1,2.5,1,6498576.283641039,7075000.0,1.4548628791736382,0,1
CA,0,-1.1836,-1.1836,0.8301,0.8301,1,1,2000000,1,1,0,0,0,0,0,1,0,0,0,0,0,0,0,0,0,0,0,0,0,0,1.0,0,20000000.0,2000000.0,10.0,0,1
CA,1,0.7479,1.1616,2.4,8.8384,63,2,11500000,6,1,0,0,0,0,0,0,0,0,0,1,0,0,0,0,0,0,1,1,0,0,1.0,1,22386606.969048087,5750000.0,0.9176556955830173,0,0
NY,0,0.8904,0.8904,1.3288,2.526,15,1,4000000,2,0,1,0,0,0,0,0,1,0,0,0,0,0,0,0,0,0,1,0,0,0,3.0,1,40000000.0,4000000.0,1.5417823003391922,0,0
NY,0,0.7151,0.7151,0.7479,2.011,2,1,500000,2,0,1,0,0,0,0,0,0,0,0,0,1,0,0,0,0,1,0,0,0,0,1.0,1,5000000.0,500000.0,1.4672437825544713,0,1
TX,0,0.7425,0.7425,1.1671,3.9151,9,1,4000000,2,0,0,0,1,0,0,0,0,0,0,0,0,0,0,1,0,0,1,0,0,0,2.0,1,40000000.0,4000000.0,0.702247191011236,0,0
NY,0,0.0,2.4274,2.4274,2.4986,8,2,9030000,2,0,1,0,0,0,0,1,0,0,0,0,0,0,0,0,0,1,1,0,0,0,4.0,1,3572841.6554562,4515000.0,11.682242990654196,0,1
PA,1,0.0658,4.3863,0.0,0.0,15,4,69900000,0,0,0,0,0,1,0,0,0,0,0,0,0,1,0,0,0,1,1,0,1,1,4.75,1,15812690.872073296,17475000.0,0.0,1,0
CA,0,0.6658,0.6658,0.4192,0.4192,2,1,20000,1,1,0,0,0,0,0,0,0,0,0,0,0,0,0,1,0,1,0,0,0,0,1.0,0,200000.0,20000.0,10.0,0,0
IN,1,3.6384,11.9041,10.9836,12.6822,29,7,238209999,3,0,0,0,0,1,1,0,0,0,0,0,0,0,0,0,1,0,0,0,0,0,2.0,1,28474604.51605963,34029999.85714286,1.6679639719782045,0,0
MA,1,3.1014,6.7342,4.0027,6.7342,3,3,14700000,2,0,0,1,0,0,0,0,0,0,0,0,0,0,0,1,1,0,0,1,0,0,1.0,0,3938062.5803686236,4900000.0,0.7063393960798162,0,0
CA,1,-0.1288,0.8712,-0.5863,1.2137,4,3,430000,2,1,0,0,0,0,0,0,0,0,0,1,0,0,0,0,0,1,0,0,0,0,1.6667,0,390909.0909090909,143333.33333333334,1.0526315789473684,0,0
CA,1,1.337,1.4219,0.5863,0.5863,5,2,1015000,1,1,0,0,0,0,0,0,0,1,0,0,0,0,0,0,1,0,1,0,0,0,1.0,0,5489453.758788535,507500.0,10.0,0,0
CA,0,0.4438,0.4438,0.8192,0.8192,2,1,1200000,1,1,0,0,0,0,0,1,0,0,0,0,0,0,0,0,1,0,0,0,0,0,2.0,1,12000000.0,1200000.0,10.0,0,1
PA,1,1.8301,3.3288,3.274,7.6274,16,2,17100000,4,0,0,0,0,1,0,1,0,0,0,0,0,0,0,0,0,0,1,1,0,0,2.5,1,10696190.654907111,8550000.0,0.8981901468540892,0,1
CO,1,4.6767,4.6767,5.9671,5.9671,0,1,50000000,1,0,0,0,0,1,0,1,0,0,0,0,0,0,0,0,1,0,0,0,0,0,4.0,1,500000000.0,50000000.0,10.0,0,1
CA,0,0.6548,0.6548,0.0,0.0,3,1,900000,0,1,0,0,0,0,1,0,0,0,0,0,0,0,0,0,0,0,1,0,0,0,1.0,1,9000000.0,900000.0,0.0,0,0
CA,0,16.9863,16.9863,16.663,18.3233,7,1,6000000,2,1,0,0,0,0,0,0,0,0,0,0,0,0,0,1,0,0,1,0,0,0,1.0,1,60000000.0,6000000.0,1.136169971027666,0,0
NY,1,0.7479,7.0904,8.0055,9.874,5,2,15100000,3,0,1,0,0,0,0,0,0,0,1,0,0,0,0,0,0,1,1,0,0,0,1.0,0,2343810.6325184326,7550000.0,1.5240030480060953,0,0
CA,1,1.0,8.8795,4.0027,9.1863,7,5,62600000,2,1,0,0,0,0,0,0,0,0,0,0,0,0,0,1,1,0,1,1,1,1,9.3333,1,7845103.076633874,12520000.0,0.37852979029449624,0,0
CA,1,1.8575,4.6027,3.9178,6.4301,15,4,14800000,3,1,0,0,0,0,0,0,1,0,0,0,0,0,0,0,1,0,0,1,1,0,2.25,1,5201743.286939407,3700000.0,1.1484132756574665,0,0
CA,1,0.0411,3.1425,1.8466,4.4877,30,2,6875000,5,1,0,0,0,0,0,1,0,0,0,0,0,0,0,0,1,0,1,0,0,0,7.0,1,2147497.9696382834,3437500.0,1.824085221261537,0,1
TX,0,0.8712,0.8712,0.0,0.0,1,1,30000,0,0,0,0,1,0,1,0,0,0,0,0,0,0,0,0,0,1,0,0,0,0,1.0,0,300000.0,30000.0,0.0,0,0
CA,0,6.263,6.263,6.0055,6.0055,10,1,22200000,1,1,0,0,0,0,0,0,0,0,0,0,0,0,0,1,0,0,0,0,0,0,9.0,1,222000000.0,22200000.0,10.0,0,0
CO,1,0.2055,0.4329,0.4685,2.9507,6,2,415000,2,0,0,0,0,1,0,0,0,0,0,0,0,0,0,1,0,1,0,0,0,0,1.0,1,1267562.6145387904,207500.0,0.7745333436604447,0,0
NY,1,-0.1616,3.8329,3.0027,4.7014,16,4,27063781,4,0,1,0,0,0,0,1,0,0,0,0,0,0,0,0,0,0,1,1,1,0,3.5,1,6609788.985224081,6765945.25,2.223828320453661,0,1
CA,1,3.0877,3.0877,5.0027,5.0027,6,1,3100000,1,1,0,0,0,0,0,0,0,0,1,0,0,0,0,0,0,0,1,0,0,0,5.0,1,31000000.0,3100000.0,10.0,0,0
CA,0,2.1616,3.2877,3.4986,7.6904,13,2,33000000,4,0,0,0,0,0,0,0,0,0,0,0,0,0,0,1,0,0,1,1,0,0,2.5,1,26914607.29141179,16500000.0,0.9320098793047206,0,0
CA,1,2.7753,5.0027,4.1644,10.7534,2,3,17400000,2,1,0,0,0,0,0,1,0,0,0,0,0,0,0,0,1,0,0,0,1,0,5.0,1,7476153.647847383,5800000.0,0.29899835550904474,0,1
CA,1,0.0,3.3863,5.3973,8.7123,17,5,28300000,4,1,0,0,0,0,0,1,0,0,0,0,0,0,0,0,0,1,1,1,1,1,2.0,1,8117488.454808823,5660000.0,1.1713030746705708,0,1
CA,1,-0.2493,2.1644,1.411,6.537,42,4,46800000,6,1,0,0,0,0,0,0,0,0,1,0,0,0,0,0,0,0,1,1,1,0,2.5,1,18617973.50519155,11700000.0,1.1481056257175661,0,0
IL,1,1.3288,2.0301,2.0,2.0301,5,3,1525000,2,0,0,0,0,1,0,0,0,0,0,0,1,0,0,0,0,1,0,0,0,0,2.6667,1,1903157.3692749282,508333.3333333333,15.372790161414294,0,1
NY,1,0.3397,0.3397,0.5452,1.7151,9,1,1200000,3,0,1,0,0,0,0,0,0,0,0,0,0,0,0,1,0,1,0,0,0,0,5.0,1,12000000.0,1200000.0,2.362390739428301,0,0
CA,1,0.1781,4.0301,3.674,7.2438,6,3,12400000,4,1,0,0,0,0,0,1,0,0,0,0,0,0,0,0,1,0,1,1,0,0,1.6667,1,3137651.8218623484,4133333.3333333335,1.089977655458063,0,1
PA,0,4.5863,4.5863,0.0,0.0,1,1,100000,0,0,0,0,0,1,0,0,0,0,0,0,0,1,0,0,1,0,0,0,0,0,1.0,1,1000000.0,100000.0,0.0,1,0
CA,1,2.2219,7.3288,7.0055,7.0055,4,3,11000000,1,1,0,0,0,0,1,0,0,0,0,0,0,0,0,0,1,1,0,1,0,0,1.6667,1,2112581.382396436,3666666.6666666665,10.0,0,0
TN,1,1.3397,2.2795,1.0,1.0,3,2,675000,1,0,0,0,0,1,0,1,0,0,0,0,0,0,0,0,0,1,0,0,0,0,1.5,0,649163.3006347372,337500.0,10.0,0,1
CA,1,0.0,2.3863,0.0,0.0,5,2,13000000,0,1,0,0,0,0,1,0,0,0,0,0,0,0,0,0,0,0,1,1,0,0,2.5,1,5228653.018541608,6500000.0,0.0,0,0
NY,1,0.7479,0.7479,1.0329,2.4986,5,1,3500000,2,0,1,0,0,0,0,0,0,0,0,0,0,0,0,1,0,0,0,0,0,0,2.0,1,35000000.0,3500000.0,1.2773839177364754,0,0
MA,0,4.9342,4.9342,0.0,0.0,2,1,12000000,1,0,0,1,0,0,0,0,0,0,0,0,0,0,0,1,0,0,0,0,1,0,4.0,1,120000000.0,12000000.0,10.0,0,0
CA,1,0.5808,4.8521,0.9068,5.4164,10,5,78573646,4,1,0,0,0,0,0,0,0,0,0,1,0,0,0,0,0,0,1,1,1,0,4.3333,1,17974892.137350447,15714729.2,0.8677542519958347,0,0
TN,1,0.4521,6.0822,3.7425,3.7425,2,3,15286415,1,0,0,0,0,1,0,0,0,0,0,0,0,0,0,1,0,0,1,0,0,0,1.0,0,2667739.655503394,5095471.666666667,10.0,0,0
CA,1,0.7123,0.7123,1.5836,3.0027,5,1,3200000,3,1,0,0,0,0,0,1,0,0,0,0,0,0,0,0,0,0,1,0,0,0,1.0,1,32000000.0,3200000.0,1.974853531696399,0,1
WA,0,0.0164,0.0164,0.0,0.0,1,1,30000,1,0,0,0,0,1,0,0,0,0,1,0,0,0,0,0,0,1,0,0,0,0,2.0,0,300000.0,30000.0,10.0,0,0
CA,1,0.0,10.8192,9.5863,9.5863,28,3,14650003,1,1,0,0,0,0,1,0,0,0,0,0,0,0,0,0,0,1,0,0,0,1,1.0,0,1341673.6574107993,4883334.333333333,10.0,0,0
CA,1,3.1589,5.6712,9.0055,9.0055,9,2,23500000,1,1,0,0,0,0,1,0,0,0,0,0,0,0,0,0,1,0,0,1,0,0,5.0,1,8995903.992650155,11750000.0,10.0,0,0
MA,0,5.0082,5.0082,0.0,0.0,2,1,980000,0,0,0,1,0,0,1,0,0,0,0,0,0,0,0,0,0,0,0,0,0,0,1.0,0,9800000.0,980000.0,0.0,0,0
CA,0,3.1562,3.1562,0.0,0.0,0,1,20000000,0,1,0,0,0,0,0,0,0,0,0,0,0,0,0,1,0,0,0,1,0,0,3.0,1,200000000.0,20000000.0,0.0,0,0
WA,0,-0.9178,-0.9178,0.0,0.0,4,1,1500000,0,0,0,0,0,1,0,1,0,0,0,0,0,0,0,0,0,0,0,0,0,0,3.0,0,15000000.0,1500000.0,0.0,0,1
CA,1,4.1753,5.537,6.3836,6.3836,0,2,8000000,1,1,0,0,0,0,0,0,0,0,0,1,0,0,0,0,0,0,1,0,0,0,1.5,1,5473079.291236232,4000000.0,10.0,0,0
CA,1,0.326,4.6932,3.2548,4.6932,13,4,25200000,3,1,0,0,0,0,1,0,0,0,0,0,0,0,0,0,0,0,1,1,1,1,4.0,1,5641117.478510029,6300000.0,1.9500780031201246,0,0
CA,1,2.7507,4.589,7.9205,9.211,21,4,61000000,2,1,0,0,0,0,1,0,0,0,0,0,0,0,0,0,0,0,1,1,1,0,3.0,1,31470876.54129907,15250000.0,1.4383315354189132,0,0
CA,1,1.337,4.3041,2.0822,5.8356,12,4,46300000,4,1,0,0,0,0,0,0,0,0,0,1,0,0,0,0,1,0,1,1,1,0,4.25,1,15095692.999902185,11575000.0,1.0380443244926556,0,0
MD,1,4.0274,8.2712,5.811,11.0986,15,4,24500000,5,0,0,0,0,1,1,0,0,0,0,0,0,0,0,0,0,0,0,1,1,1,4.3333,1,5640222.846355726,6125000.0,0.9280570198232981,0,0
CA,0,0.9863,1.6575,-1.3342,-1.3342,1,2,7500000,1,1,0,0,0,0,0,0,0,0,0,1,0,0,0,0,0,0,1,0,0,0,1.0,0,9725103.734439835,3750000.0,10.0,0,0
CA,1,3.2493,3.2493,3.8356,7.8959,19,1,14500000,3,1,0,0,0,0,0,0,0,1,0,0,0,0,0,0,0,0,0,0,1,0,9.0,1,145000000.0,14500000.0,0.721101843617047,0,0
WA,0,2.6493,2.6493,1.0,1.0,1,1,29000000,1,0,0,0,0,1,0,0,0,0,0,1,0,0,0,0,1,0,0,0,0,0,5.0,1,290000000.0,29000000.0,10.0,0,0
CA,1,0.0,3.3808,5.6795,5.6795,5,3,24000000,1,1,0,0,0,0,0,0,0,0,0,0,0,0,0,1,0,0,1,1,1,0,2.6667,1,6894966.674327741,8000000.0,10.0,0,0
CA,1,5.3562,10.2082,8.0055,8.0055,2,4,81017493,1,1,0,0,0,0,0,0,0,0,0,0,0,0,0,1,1,0,0,0,1,1,5.6667,1,16360559.97576737,20254373.25,10.0,0,0
CA,1,1.8493,2.1726,2.1699,5.0822,4,2,1000000,3,1,0,0,0,0,0,0,0,0,0,0,0,0,0,1,0,1,0,0,0,0,4.5,1,2362390.739428301,500000.0,0.9959167413604222,0,0
CO,1,1.1014,1.8712,2.6466,2.6959,14,2,12010000,2,0,0,0,0,1,1,0,0,0,0,0,0,0,0,0,1,0,1,0,0,0,2.5,1,13807771.901586572,6005000.0,13.395847287340914,0,0
MA,1,3.7562,3.7562,-1.0,8.674,2,1,22000000,3,0,0,1,0,0,0,0,1,0,0,0,0,0,0,0,0,0,0,0,1,0,4.0,1,220000000.0,22000000.0,0.30693677102516886,0,0
CA,0,8.4493,8.4493,0.0,0.0,1,1,42700000,0,1,0,0,0,0,0,0,0,0,0,0,0,1,0,0,0,0,0,1,0,0,3.0,1,427000000.0,42700000.0,0.0,1,0
CA,1,5.9753,7.3918,4.0027,4.0027,5,3,80000000,1,1,0,0,0,0,1,0,0,0,0,0,0,0,0,0,1,0,0,0,0,1,4.0,1,52753049.78569073,26666666.666666668,10.0,0,0
CA,1,1.1589,1.1589,-0.0658,2.9616,3,1,205000,3,1,0,0,0,0,0,1,0,0,0,0,0,0,0,0,0,1,0,0,0,0,7.0,1,2050000.0,205000.0,0.9592632857965083,0,1
NY,1,1.7644,1.7644,0.0,3.0849,5,1,3750000,2,0,1,0,0,0,0,0,0,0,0,0,0,0,0,1,0,0,1,0,0,0,1.0,1,37500000.0,3750000.0,0.6279632013564005,0,0
CA,0,0.0,0.6411,1.5836,3.0685,11,2,41000000,2,1,0,0,0,0,0,0,0,0,0,0,0,0,0,1,0,0,1,1,0,0,1.5,1,55323168.263392255,20500000.0,1.261909268723579,0,0
CA,1,1.7781,2.3863,2.3123,4.6301,37,2,76000000,3,1,0,0,0,0,0,0,0,0,0,1,0,0,0,0,0,0,1,0,0,0,4.0,1,107314317.9892686,38000000.0,1.2407974191413684,0,0
MA,1,0.0,2.7507,3.3315,5.2438,9,2,20000000,2,0,0,1,0,0,0,0,0,1,0,0,0,0,0,0,0,0,1,1,0,0,1.0,1,7015820.6756235305,10000000.0,0.9938875913134223,0,0
CA,1,1.2877,3.8521,1.3945,4.2356,11,2,9356180,4,1,0,0,0,0,0,0,0,0,0,0,0,0,0,1,0,0,1,1,0,0,1.5,1,3511552.3194715506,4678090.0,1.3600353609193838,0,0
NY,0,-9.0466,-9.0466,-6.0466,-3.8822,6,1,100000,2,0,1,0,0,0,0,0,0,0,1,0,0,0,0,0,0,1,0,0,0,0,1.0,0,1000000.0,100000.0,0.8832361773538245,0,0
GA,1,2.0767,4.6603,4.5836,4.726,9,2,13600000,2,0,0,0,0,1,1,0,0,0,0,0,0,0,0,0,0,0,0,1,1,0,3.0,1,5067819.347145624,6800000.0,8.250825082508241,0,0
CA,1,1.1671,1.1671,1.926,4.0137,19,1,3000000,4,1,0,0,0,0,0,0,0,0,1,0,0,0,0,0,0,0,1,0,0,0,2.0,1,30000000.0,3000000.0,1.8284042601819261,0,0
CA,0,1.874,6.4767,0.0,0.0,4,5,21138876,0,1,0,0,0,0,0,0,0,0,1,0,0,0,0,0,1,0,1,1,0,0,2.0,1,4495050.9281901885,4227775.2,0.0,0,0
MA,1,0.1945,0.7836,1.211,2.3836,13,4,2345000,3,0,0,1,0,0,0,0,0,1,0,0,0,0,0,0,0,1,1,0,0,0,5.75,1,3402989.4064722103,586250.0,2.3573785950023574,0,0
CA,0,0.7945,0.7945,2.0466,3.326,7,1,4000000,4,1,0,0,0,0,0,1,0,0,0,0,0,0,0,0,0,0,1,0,0,0,1.0,0,40000000.0,4000000.0,2.899811512251704,0,1
CA,0,3.811,5.1781,1.7507,3.589,2,2,17000000,2,1,0,0,0,0,1,0,0,0,0,0,0,0,0,0,1,0,0,0,1,0,3.0,1,11587485.515643107,8500000.0,1.0318320177475107,0,0
NY,1,1.8,1.8,1.9151,1.9151,8,1,1100000,1,0,1,0,0,0,0,1,0,0,0,0,0,0,0,0,0,1,0,0,0,0,8.0,1,11000000.0,1100000.0,10.0,0,1
KY,1,-0.2384,0.8493,0.9014,0.9014,3,4,59700,1,0,0,0,0,1,1,0,0,0,0,0,0,0,0,0,0,1,0,0,0,0,1.0,1,50265.218489517545,14925.0,10.0,0,0
CA,1,-0.0082,-0.0082,2.9726,3.7041,12,1,2350000,3,1,0,0,0,0,0,0,0,1,0,0,0,0,0,0,0,0,1,0,0,0,2.0,1,23500000.0,2350000.0,3.607937462417318,0,0
VA,0,1.8822,1.8822,1.0,1.0,2,1,10000000,1,0,0,0,0,1,1,0,0,0,0,0,0,0,0,0,0,0,1,0,0,0,2.0,1,100000000.0,10000000.0,10.0,0,0
CA,0,0.6767,1.4493,0.0,0.0,2,2,21189,1,1,0,0,0,0,0,0,1,0,0,0,0,0,0,0,1,1,0,0,0,0,1.0,1,24282.603713041484,10594.5,10.0,0,0
MA,1,2.4521,5.1562,7.6712,8.2219,7,3,28000000,2,0,0,1,0,0,1,0,0,0,0,0,0,0,0,0,0,0,1,1,1,0,2.6667,1,9985378.55283335,9333333.333333334,3.0736130321192565,0,0
CA,0,3.3315,3.3315,0.0,0.0,0,1,9500000,0,1,0,0,0,0,1,0,0,0,0,0,0,0,0,0,1,0,0,0,0,0,2.0,0,95000000.0,9500000.0,0.0,0,0
CA,1,1.7479,5.5616,2.2548,2.2548,5,3,69600000,1,1,0,0,0,0,0,0,0,0,0,0,0,0,0,1,1,0,0,1,0,1,7.6667,1,17783682.959858954,23200000.0,10.0,0,0
VA,1,2.6822,6.4164,2.8411,7.2356,11,3,23500000,2,0,0,0,0,1,0,0,1,0,0,0,0,0,0,0,1,0,0,1,1,0,3.6667,1,6129049.084554795,7833333.333333333,0.44498831905662484,0,0
OR,1,4.4712,4.4712,6.7534,6.7534,6,1,13000000,1,0,0,0,0,1,1,0,0,0,0,0,0,0,0,0,0,0,0,0,0,1,4.0,1,130000000.0,13000000.0,10.0,0,0
NY,1,1.5616,3.1562,3.0,3.4959,8,2,21750000,2,0,1,0,0,0,0,0,0,0,0,1,0,0,0,0,1,0,0,1,0,0,2.0,1,12834887.28903576,10875000.0,3.356267830172849,0,0
PA,0,5.1644,5.1644,0.0,0.0,0,1,5750000,0,0,0,0,0,1,0,0,0,0,0,0,0,0,0,1,0,0,0,0,1,0,4.0,1,57500000.0,5750000.0,0.0,0,0
ME,1,0.7342,1.1753,0.1616,0.1616,1,2,23400000,1,0,0,0,0,1,1,0,0,0,0,0,0,0,0,0,0,0,1,1,0,0,2.5,1,43245241.17538348,11700000.0,10.0,0,0
CA,0,1.0685,1.0685,0.8384,3.9918,4,1,4300000,3,1,0,0,0,0,0,0,0,0,1,0,0,0,0,0,0,0,1,0,0,0,2.0,1,43000000.0,4300000.0,0.9221122517981188,0,0
TX,1,2.2082,4.6521,-0.6548,-0.6548,1,2,20000000,1,0,0,0,1,0,0,0,0,0,0,0,0,0,0,1,1,0,0,0,1,0,2.0,1,7861944.258815206,10000000.0,10.0,0,0
CA,1,4.2356,9.3616,5.0055,5.0055,16,2,51000000,1,1,0,0,0,0,0,0,0,0,0,0,0,1,0,0,0,0,0,0,1,0,3.5,1,9758897.818599313,25500000.0,10.0,1,0
MA,1,3.6877,10.137,3.0027,3.0027,2,4,27101994,1,0,0,1,0,0,0,0,0,1,0,0,0,0,0,0,1,0,0,1,0,0,4.6667,1,4138151.252805643,6775498.5,10.0,0,0
CA,1,5.1507,5.1507,4.0027,4.0027,6,1,6480000,1,1,0,0,0,0,0,0,0,0,0,0,0,0,0,1,0,0,0,0,0,1,3.0,1,64800000.0,6480000.0,10.0,0,0
CA,1,0.4192,2.2329,2.2329,4.337,8,2,35000000,2,1,0,0,0,0,0,0,0,1,0,0,0,0,0,0,0,0,1,1,0,0,2.5,1,18289178.032084443,17500000.0,0.9073998457420263,0,0
MA,0,-3.5068,0.3945,-0.937,0.0849,5,3,11300000,2,0,0,1,0,0,0,1,0,0,0,0,0,0,0,0,1,0,0,1,1,0,1.0,1,2824082.17329368,3766666.6666666665,1.7826900793297082,0,1
GA,0,0.2986,0.2986,0.2986,0.2986,1,1,19000,1,0,0,0,0,1,0,0,0,0,0,0,1,0,0,0,0,1,0,0,0,0,1.0,0,190000.0,19000.0,10.0,0,1
NJ,1,1.6658,5.3014,5.8356,8.3534,27,6,78500000,3,0,0,0,0,1,0,0,0,0,0,0,1,0,0,0,0,0,1,1,1,1,3.4,1,21014027.19777278,13083333.333333334,1.1460004584001833,0,1
NY,0,0.1534,0.1534,0.0,0.0,4,1,600000,0,0,1,0,0,0,0,1,0,0,0,0,0,0,0,0,0,1,0,0,0,0,2.0,0,6000000.0,600000.0,0.0,0,1
MD,1,5.4932,6.5836,6.7534,6.7534,3,2,13000000,1,0,0,0,0,1,0,0,0,0,0,0,0,0,0,1,0,0,1,1,0,0,1.5,1,10920698.924731184,6500000.0,10.0,0,0
CA,0,0.0,2.8356,2.9205,4.3096,7,5,43600000,3,1,0,0,0,0,0,0,0,0,0,0,0,0,0,1,0,0,1,1,1,1,3.0,1,14852159.694781305,8720000.0,2.014639715264254,0,0
CA,1,0.3589,3.4712,3.3397,5.1918,38,5,142000000,3,1,0,0,0,0,0,0,0,1,0,0,0,0,0,0,0,0,1,1,1,1,5.2,1,44205086.69800454,28400000.0,1.5368065160596283,0,0
CA,1,2.1836,3.3068,2.726,3.5425,6,2,2000000,2,1,0,0,0,0,0,1,0,0,0,0,0,0,0,0,1,0,1,0,0,0,1.5,1,1635055.5918901244,1000000.0,2.182214948172395,0,1
TX,1,2.0,4.0466,6.0027,6.0027,4,3,26800000,1,0,0,0,1,0,1,0,0,0,0,0,0,0,0,0,0,0,1,1,1,0,3.0,1,12484859.778253984,8933333.333333334,10.0,0,0
CA,0,1.2904,6.389,0.0,0.0,2,6,55900000,1,1,0,0,0,0,0,0,0,0,0,0,0,0,0,1,1,0,1,1,1,0,3.2,1,10752895.010195052,9316666.666666666,10.0,0,0
CA,1,1.6027,2.8137,3.4301,7.411,14,2,11000000,3,1,0,0,0,0,0,0,1,0,0,0,0,0,0,0,0,0,1,1,0,0,2.0,1,8390541.571319604,5500000.0,0.7351319561861355,0,0
CA,1,0.4137,2.474,3.0,3.0,19,3,31500000,1,1,0,0,0,0,0,0,0,1,0,0,0,0,0,0,0,0,1,1,1,0,3.3333,1,14581308.151645603,10500000.0,10.0,0,0
DC,1,3.3863,3.3863,-0.0301,4.4274,4,1,1500000,2,0,0,0,0,1,0,0,0,1,0,0,0,0,0,0,1,0,0,0,0,0,2.0,0,15000000.0,1500000.0,0.4388370817334066,0,0
NY,0,0.0082,1.1479,-0.0219,1.2274,5,3,900000,3,0,1,0,0,0,0,0,0,0,0,0,0,0,0,1,0,1,0,0,0,0,1.5,1,725982.0924417197,300000.0,2.2233750833765655,0,0
CA,1,1.4603,6.3918,6.4192,6.4192,4,3,58000000,1,1,0,0,0,0,0,0,0,0,0,0,0,1,0,0,0,0,1,1,1,0,5.0,1,11527377.521613834,19333333.333333332,10.0,1,0
MA,1,0.4959,4.9671,1.0,4.5123,10,4,29050000,2,0,0,1,0,0,1,0,0,0,0,0,0,0,0,0,1,0,0,1,0,0,2.6667,1,6355005.250262513,7262500.0,0.5536638706641198,0,0
NV,1,0.7589,2.4521,2.1644,2.9014,3,2,250000,2,0,0,0,0,1,0,0,0,0,0,0,0,0,0,1,0,1,0,0,0,0,1.5,1,139415.56993084986,125000.0,2.389486260454002,0,0
CA,0,3.6493,3.6493,0.0,0.0,2,1,21000000,0,1,0,0,0,0,1,0,0,0,0,0,0,0,0,0,0,0,0,0,1,0,4.0,1,210000000.0,21000000.0,0.0,0,0
NY,1,4.1671,7.4356,0.0,0.0,25,2,35000000,0,0,1,0,0,0,0,0,0,0,1,0,0,0,0,0,1,0,1,0,0,0,3.5,1,10390381.475434167,17500000.0,0.0,0,0
CA,0,-0.0027,-0.0027,0.0356,0.0356,2,1,500000,1,1,0,0,0,0,0,1,0,0,0,0,0,0,0,0,0,1,0,0,0,0,1.0,0,5000000.0,500000.0,10.0,0,1
TX,1,5.611,6.474,4.0027,4.0027,3,2,30920000,1,0,0,0,1,0,0,0,0,0,0,0,0,0,0,1,1,0,0,0,0,0,3.5,1,32107995.84631359,15460000.0,10.0,0,0
CA,1,2.0,8.0356,6.5863,6.5863,9,4,29288979,1,1,0,0,0,0,1,0,0,0,0,0,0,0,0,0,1,0,1,1,1,0,2.6667,1,4773612.8495990615,7322244.75,10.0,0,0
MA,0,8.0986,12.3671,11.8411,12.0548,11,4,24200000,2,0,0,1,0,0,1,0,0,0,0,0,0,0,0,0,1,0,1,0,1,0,2.3333,1,5539658.921826713,6050000.0,6.375518010838395,0,0
CA,1,1.0,1.0,1.2521,5.2548,4,1,1000000,3,1,0,0,0,0,0,1,0,0,0,0,0,0,0,0,0,0,1,0,0,0,1.0,0,10000000.0,1000000.0,0.7312257781460988,0,1
MN,1,1.0,3.0575,5.4192,5.4192,3,2,5550000,1,0,0,0,0,1,0,1,0,0,0,0,0,0,0,0,0,1,1,0,0,0,1.0,1,2572421.784472769,2775000.0,10.0,0,1
CA,0,-0.1534,2.3425,0.063,1.5836,8,2,3000000,3,1,0,0,0,0,0,0,1,0,0,0,0,0,0,0,0,1,1,0,0,0,3.5,1,1155668.5542586388,1500000.0,1.8511662347278786,0,0
CA,1,0.6767,1.9178,4.9781,6.6548,13,2,14300000,3,1,0,0,0,0,0,1,0,0,0,0,0,0,0,0,0,0,1,1,0,0,4.5,1,10662888.673476996,7150000.0,1.6885236674734063,0,1
CA,0,4.2192,4.2192,0.0,0.0,0,1,1000000,0,1,0,0,0,0,0,0,0,0,0,0,0,0,0,1,1,0,0,0,0,0,2.0,0,10000000.0,1000000.0,0.0,0,0
CA,1,2.5644,3.389,8.1452,8.1452,7,2,11000000,1,1,0,0,0,0,1,0,0,0,0,0,0,0,0,0,1,0,0,1,0,0,1.5,1,11897036.556348694,5500000.0,10.0,0,0
NY,0,2.0027,3.0027,2.0877,4.0685,7,2,2000000,3,0,1,0,0,0,0,0,0,0,0,0,0,0,0,1,1,1,0,0,0,0,3.0,0,1818181.8181818181,1000000.0,1.4417531718569778,0,0
CA,1,0.8301,2.7178,4.2466,4.7918,17,2,5000000,2,1,0,0,0,0,0,1,0,0,0,0,0,0,0,0,1,1,0,0,0,0,1.0,1,2515470.1413694215,2500000.0,3.099814011159329,0,1
CA,1,2.0027,2.0027,3.6603,4.0795,12,1,11000000,2,1,0,0,0,0,0,0,0,1,0,0,0,0,0,0,0,0,0,1,0,0,3.0,1,110000000.0,11000000.0,3.852080123266561,0,0
CA,1,0.4192,3.4192,3.6027,4.8521,19,4,14100000,4,1,0,0,0,0,0,0,0,1,0,0,0,0,0,0,0,1,1,1,0,0,2.25,1,4548387.096774193,3525000.0,2.9642804209278193,0,0
CA,0,0.4932,0.4932,2.2411,2.2411,8,1,5000000,1,1,0,0,0,0,0,0,0,0,0,0,0,0,0,1,0,0,1,0,0,0,1.0,0,50000000.0,5000000.0,10.0,0,0
WA,0,0.0,1.5808,-0.1671,-0.1671,1,2,400000,1,0,0,0,0,1,0,1,0,0,0,0,0,0,0,0,0,1,0,0,0,0,1.0,0,237981.91337458353,200000.0,10.0,0,1
CA,1,7.3945,7.3945,4.0027,4.0027,4,1,10000000,1,1,0,0,0,0,0,0,0,0,0,0,0,1,0,0,0,0,0,0,1,0,1.0,0,100000000.0,10000000.0,10.0,1,0
MA,0,0.8329,4.0712,2.0,2.0,3,3,11035000,1,0,0,1,0,0,1,0,0,0,0,0,0,0,0,0,1,0,0,1,1,0,1.6667,1,3305574.6937063774,3678333.3333333335,10.0,0,0
MA,1,5.6438,5.6438,8.0055,11.3288,9,1,12700000,2,0,0,1,0,0,0,0,0,0,0,0,0,0,0,1,0,0,0,0,0,1,4.0,1,127000000.0,12700000.0,0.584231589402039,0,0
CA,1,2.9507,3.5562,0.0,0.0,3,2,20757182,1,1,0,0,0,0,0,0,0,0,0,0,0,1,0,0,0,0,0,1,0,0,1.0,1,29421944.72005669,10378591.0,10.0,1,0
CA,1,5.4658,7.2822,10.5918,10.5918,5,3,27000000,1,1,0,0,0,0,1,0,0,0,0,0,0,0,0,0,0,0,0,0,0,1,6.0,1,14088916.718847841,9000000.0,10.0,0,0
NY,1,3.7534,3.7534,5.5425,6.7562,7,1,10000000,3,0,1,0,0,0,0,0,0,0,1,0,0,0,0,0,0,0,1,0,0,0,1.0,0,100000000.0,10000000.0,2.2836263987211702,0,0
CA,0,4.2219,4.2219,0.0,0.0,4,1,26000000,0,1,0,0,0,0,0,0,0,0,0,0,0,0,0,1,0,0,0,0,0,1,4.0,1,260000000.0,26000000.0,0.0,0,0
CT,0,2.1616,4.9562,0.0,0.0,2,2,4000000,0,0,0,0,0,1,0,0,0,0,0,0,0,0,0,1,0,0,1,0,0,0,2.0,1,1381883.5072203414,2000000.0,0.0,0,0
CA,1,2.0849,3.9425,-3.0,-3.0,3,2,20220000,1,1,0,0,0,0,0,0,0,0,0,0,0,0,0,1,0,0,1,1,0,0,3.0,1,10328974.254188804,10110000.0,10.0,0,0
NY,1,4.3534,4.3534,6.1699,9.0904,7,1,10000000,3,0,1,0,0,0,0,0,0,0,0,1,0,0,0,0,0,0,0,1,0,0,4.0,1,100000000.0,10000000.0,0.9932130441979803,0,0
NY,0,1.5123,3.6082,1.3178,4.1589,8,2,7350000,3,0,1,0,0,0,0,0,0,0,0,1,0,0,0,0,0,0,1,1,0,0,4.5,1,3347146.955690149,3675000.0,1.0200265206895378,0,0
CA,0,0.7671,0.7671,0.0,0.0,1,1,50000,1,1,0,0,0,0,0,0,0,0,0,0,0,0,0,1,0,1,0,0,0,0,1.0,0,500000.0,50000.0,10.0,0,0
NY,0,1.8822,1.8822,1.6603,3.0247,5,1,1000000,3,0,1,0,0,0,0,0,0,0,0,0,0,0,0,1,0,0,1,0,0,0,7.0,1,10000000.0,1000000.0,2.0486205954657195,0,0
CA,0,2.7945,6.0356,7.5014,8.0055,16,4,45000000,2,1,0,0,0,0,0,0,0,0,0,0,0,0,0,1,0,0,1,1,1,0,2.0,1,13468618.119780913,11250000.0,3.3107101473266054,0,0
CA,0,0.2164,4.8438,0.2164,6.2466,22,5,70000000,5,1,0,0,0,0,0,0,0,1,0,0,0,0,0,0,1,0,1,1,1,0,4.2,1,14807293.649786353,14000000.0,0.8156340739290725,0,0
WA,0,1.3096,1.3096,1.0027,1.3096,3,1,500000,2,0,0,0,0,1,0,0,0,0,0,0,1,0,0,0,0,0,1,0,0,0,1.0,1,5000000.0,500000.0,4.915212582944211,0,1
CA,0,0.0849,1.3342,0.0,0.0,6,2,500000,0,1,0,0,0,0,1,0,0,0,0,0,0,0,0,0,0,0,0,0,0,0,1.0,1,370562.5138960942,250000.0,0.0,0,0
TX,1,1.0877,3.6438,3.4986,3.4986,2,3,44000000,1,0,0,0,1,0,0,0,0,0,0,0,0,0,0,1,0,0,1,1,1,0,4.0,1,16565641.353864687,14666666.666666666,10.0,0,0
CO,0,10.3644,10.3644,5.8384,5.8384,4,1,21000000,1,0,0,0,0,1,0,0,0,0,0,0,0,0,0,1,1,0,0,0,0,0,5.0,1,210000000.0,21000000.0,10.0,0,0
CA,1,0.7041,1.1315,1.4493,2.2055,12,2,19000000,2,1,0,0,0,0,0,0,0,0,0,1,0,0,0,0,0,0,1,1,0,0,3.5,1,36025786.8790292,9500000.0,2.3359028264424206,0,0
CA,0,1.4247,4.5397,0.0,0.0,0,3,18700000,0,1,0,0,0,0,0,0,0,0,0,0,0,0,0,1,1,0,1,0,0,0,2.0,1,5816485.225505443,6233333.333333333,0.0,0,0
CA,1,1.0932,1.0932,1.6137,2.1671,6,1,10000000,2,1,0,0,0,0,1,0,0,0,0,0,0,0,0,0,0,0,1,0,0,0,7.0,1,100000000.0,10000000.0,3.0609121518212423,0,0
FL,0,0.4192,0.4192,0.0,0.0,5,3,5900000,0,0,0,0,0,1,1,0,0,0,0,0,0,0,0,0,0,1,0,0,0,0,1.0,0,59000000.0,1966666.6666666667,0.0,0,0
MA,1,3.4301,4.2548,6.0055,6.4219,13,2,28000000,2,0,0,1,0,0,0,0,0,0,0,0,0,0,0,1,0,0,0,1,1,0,2.0,1,30280090.84027251,14000000.0,3.8729666924864423,0,0
NH,0,0.0,4.3945,3.1534,4.3945,5,7,24300000,2,0,0,0,0,1,1,0,0,0,0,0,0,0,0,0,1,1,1,1,0,0,2.0,1,5406608.076537992,3471428.5714285714,1.491313101185594,0,0
CA,1,0.4137,5.337,5.5205,7.189,21,4,32006000,3,1,0,0,0,0,0,0,1,0,0,0,0,0,0,0,0,1,1,1,1,0,1.6667,1,6371508.769135828,8001500.0,1.6963528413910094,0,0
CA,1,3.0877,3.0877,1.0,1.0,4,1,13400000,1,1,0,0,0,0,0,0,0,0,0,0,0,0,0,1,0,0,0,1,0,0,2.0,1,134000000.0,13400000.0,10.0,0,0
CA,1,3.8493,4.8329,4.9644,7.2575,18,3,9400000,3,1,0,0,0,0,0,0,0,1,0,0,0,0,0,0,0,1,1,1,0,0,1.5,1,8674787.744555183,3133333.3333333335,1.2536041118214867,0,0
CO,1,1.0849,7.937,3.0,7.4301,10,6,15324624,3,0,0,0,0,1,0,0,0,1,0,0,0,0,0,0,1,1,1,1,0,0,2.5,1,2204315.81824197,2554104.0,0.6622370367100064,0,0
WA,1,1.3342,1.3342,2.3726,4.1562,3,1,2000000,2,0,0,0,0,1,0,1,0,0,0,0,0,0,0,0,0,0,0,0,0,0,11.0,1,20000000.0,2000000.0,1.061796559779146,0,1
CA,1,0.4192,3.674,0.8932,5.2767,24,3,16000000,4,1,0,0,0,0,0,1,0,0,0,0,0,0,0,0,0,0,1,1,1,0,5.6667,1,4769285.799451532,5333333.333333333,0.8921601427456229,0,1
MN,0,3.9205,6.7342,0.0,0.0,3,3,44000000,0,0,0,0,0,1,0,0,0,0,0,0,0,0,0,1,1,0,0,1,1,0,2.3333,1,15101074.235508114,14666666.666666666,0.0,0,0
PA,0,1.811,2.4548,0.7479,0.7479,2,2,1175000,1,0,0,0,0,1,1,0,0,0,0,0,0,0,0,0,1,0,0,0,0,0,1.0,0,1579725.7327238503,587500.0,10.0,0,0
CA,1,6.8329,10.2712,13.011,13.011,22,2,9000000,1,1,0,0,0,0,0,0,0,0,0,0,0,0,0,1,0,0,0,0,0,0,4.0,1,2543594.381482633,4500000.0,10.0,0,0
CA,1,0.3288,5.3726,9.0055,9.0055,9,3,35150000,1,1,0,0,0,0,0,1,0,0,0,0,0,0,0,0,0,0,1,1,1,0,3.0,1,6833469.419495315,11716666.666666666,10.0,0,1
MA,1,1.3288,5.6712,2.4959,5.6712,4,3,12000000,2,0,0,1,0,0,1,0,0,0,0,0,0,0,0,0,1,0,1,1,0,0,2.6667,1,2701242.5715829288,4000000.0,0.6106310872286508,0,0
CA,1,5.663,5.663,5.0027,5.0027,4,1,30000000,1,1,0,0,0,0,0,0,0,0,0,0,0,1,0,0,0,0,0,0,1,0,9.0,1,300000000.0,30000000.0,10.0,1,0
CA,1,6.1342,6.1342,7.1726,7.1726,5,1,8000000,1,1,0,0,0,0,0,0,0,0,0,0,0,0,0,1,0,0,0,1,0,0,2.0,1,80000000.0,8000000.0,10.0,0,0
CA,1,2.0959,2.0959,2.2822,3.1699,6,1,4100000,3,1,0,0,0,0,0,0,0,0,1,0,0,0,0,0,0,0,1,0,0,0,2.0,1,41000000.0,4100000.0,3.0373595221221015,0,0
IL,0,1.9562,3.5123,3.4986,3.4986,1,2,2408500,1,0,0,0,0,1,0,0,0,0,0,0,0,0,0,1,0,1,0,0,0,0,3.0,1,1454320.3912807195,1204250.0,10.0,0,0
CA,0,2.1644,5.8493,6.0027,6.0027,3,4,72000000,1,1,0,0,0,0,0,0,0,0,0,0,0,0,0,1,0,0,1,1,1,0,2.25,1,19022959.65547306,18000000.0,10.0,0,0
MN,0,1.0,2.0,3.2493,3.2493,2,2,18400000,1,0,0,0,0,1,0,0,0,1,0,0,0,0,0,0,1,0,0,0,0,0,1.0,0,16727272.727272727,9200000.0,10.0,0,0
NC,0,8.0219,14.9726,4.0027,4.0027,4,7,162264126,1,0,0,0,0,1,0,0,0,0,0,0,0,1,0,0,1,0,0,1,1,1,6.75,1,23013903.016721748,23180589.42857143,10.0,1,0
MA,1,7.4575,7.4575,5.5863,5.5863,7,1,29000000,1,0,0,1,0,0,0,0,0,0,0,0,0,1,0,0,1,0,0,0,0,0,7.0,1,290000000.0,29000000.0,10.0,1,0
WA,0,5.4247,5.4247,0.0,0.0,0,1,8700000,0,0,0,0,0,1,0,0,0,0,0,0,0,0,0,1,0,0,1,0,0,0,2.0,1,87000000.0,8700000.0,0.0,0,0
MA,1,4.6877,4.6877,4.1644,9.274,12,1,10000000,2,0,0,1,0,0,0,0,1,0,0,0,0,0,0,0,0,0,0,0,1,0,7.0,1,100000000.0,10000000.0,0.383906633906634,0,0
MA,1,0.9178,2.6329,2.9534,3.9699,5,2,15000000,2,0,0,1,0,0,1,0,0,0,0,0,0,0,0,0,0,0,1,1,0,0,2.0,1,8264007.492700127,7500000.0,1.791312136139722,0,0
CA,0,0.6685,0.6685,0.0,0.0,2,1,2600000,1,1,0,0,0,0,0,0,0,0,0,0,0,0,0,1,0,0,0,0,0,0,1.0,0,26000000.0,2600000.0,10.0,0,0
CA,1,1.3151,1.3151,6.4658,8.8411,30,1,15000000,3,1,0,0,0,0,0,1,0,0,0,0,0,0,0,0,0,0,1,0,0,0,1.0,1,150000000.0,15000000.0,1.2119743061447092,0,1
NY,1,0.0822,1.8164,1.0849,2.3014,7,3,4000000,2,0,1,0,0,0,0,1,0,0,0,0,0,0,0,0,0,1,1,0,0,0,2.0,1,2180787.264202377,1333333.3333333333,1.5191796429927837,0,1
CA,1,0.9151,5.5452,5.0027,5.0027,9,2,73000000,1,1,0,0,0,0,0,0,0,0,0,0,0,1,0,0,1,0,0,1,0,0,3.0,1,15433077.52478806,36500000.0,10.0,1,0
NY,1,0.3233,1.0986,0.8411,2.0411,5,4,12123837,3,0,1,0,0,0,0,0,0,0,0,0,0,0,0,1,0,1,1,0,0,0,4.6667,1,13851064.77779047,3030959.25,2.307692307692307,0,0
WA,1,0.9178,2.4877,2.5808,5.3808,18,3,22400000,3,0,0,0,0,1,0,0,1,0,0,0,0,0,0,0,1,0,1,1,0,0,3.3333,1,13413976.884843403,7466666.666666667,1.0344827586206897,0,0
CA,1,1.2849,2.0082,2.1616,3.4438,12,2,5700000,3,1,0,0,0,0,0,0,0,1,0,0,0,0,0,0,0,0,1,1,0,0,4.0,1,6923357.220940119,2850000.0,2.1704529011720446,0,0
CA,0,4.5452,7.8603,0.0,0.0,2,2,28500000,0,1,0,0,0,0,0,0,0,0,0,0,0,1,0,0,1,0,0,1,0,0,4.5,1,8345290.035430882,14250000.0,0.0,1,0
MA,1,0.9151,2.0712,2.0027,2.0027,9,2,21000000,1,0,0,1,0,0,1,0,0,0,0,0,0,0,0,0,0,0,1,1,0,0,2.5,1,16718414.13900167,10500000.0,10.0,0,0
NC,0,21.8959,21.8959,24.6849,24.6849,1,1,8000000,1,0,0,0,0,1,1,0,0,0,0,0,0,0,0,0,1,0,0,0,0,0,2.0,0,80000000.0,8000000.0,10.0,0,0
CA,0,0.2055,0.2055,0.1644,0.1644,1,1,1500000,1,1,0,0,0,0,0,0,0,0,0,1,0,0,0,0,0,0,1,0,0,0,1.0,1,15000000.0,1500000.0,10.0,0,0
MA,1,0.5808,2.4603,2.5014,5.0932,17,3,28300000,4,0,0,1,0,0,0,0,0,0,1,0,0,0,0,0,0,0,1,1,1,0,1.6667,1,14296539.530184388,9433333.333333334,1.4859945018203429,0,0
CA,1,2.1452,4.9726,2.3671,2.7123,4,5,7939553,2,1,0,0,0,0,0,1,0,0,0,0,0,0,0,0,1,0,0,1,0,0,2.0,1,2712151.738744278,1587910.6,4.4923629829290235,0,1
CA,0,0.8329,0.8329,0.0,0.0,3,1,545000,0,1,0,0,0,0,0,0,0,0,0,0,0,0,0,1,0,1,0,0,0,0,2.0,1,5450000.0,545000.0,0.0,0,0
MA,1,4.7452,8.9562,5.0027,5.0027,10,3,15247925,1,0,0,1,0,0,0,0,0,0,0,0,0,0,0,1,0,0,0,0,1,1,1.5,1,3536980.978891208,5082641.666666667,10.0,0,0
NY,1,0.2466,2.5589,2.0027,4.7781,11,3,12800000,2,0,1,0,0,0,0,0,0,0,0,1,0,0,0,0,0,1,1,1,0,0,1.5,1,5306139.369066865,4266666.666666667,0.6955554009876885,0,0
IL,0,1.063,2.4822,0.0,1.3068,1,2,950000,2,0,0,0,0,1,0,0,1,0,0,0,0,0,0,0,1,0,1,0,0,0,3.0,1,625329.120589784,475000.0,1.4216661927779357,0,0
MA,1,2.9178,4.9205,2.0027,12.5096,6,2,16000000,5,0,0,1,0,0,0,1,0,0,0,0,0,0,0,0,0,0,1,1,0,0,1.0,1,7609264.27926,8000000.0,0.4713912641770922,0,1
CA,1,6.0055,6.0055,6.0055,6.0055,2,1,10000000,1,1,0,0,0,0,0,0,0,0,0,0,0,0,0,1,0,0,0,0,1,0,1.0,1,100000000.0,10000000.0,10.0,0,0
NY,1,0.7781,0.7781,0.3397,2.4877,5,1,1500000,3,0,1,0,0,0,0,0,0,0,0,0,0,0,0,1,0,0,0,0,0,0,1.0,0,15000000.0,1500000.0,1.3345195729537367,0,0
CA,0,5.8438,6.9452,5.9205,6.3808,6,2,13000000,2,1,0,0,0,0,0,0,0,0,0,0,0,0,0,1,1,0,0,0,1,0,2.0,1,10820709.172631929,6500000.0,3.5695163305372115,0,0
NY,1,2.6411,2.6411,4.0959,4.926,6,1,10000000,2,0,1,0,0,0,0,0,0,0,0,0,0,0,0,1,1,0,0,0,0,0,6.0,1,100000000.0,10000000.0,2.1503064186646603,0,0
NY,1,2.0521,2.9973,2.0027,3.8137,9,2,3915000,2,0,1,0,0,0,0,0,0,0,1,0,0,0,0,0,1,0,1,0,0,0,3.0,1,3745694.6039035576,1957500.0,1.0465724751439036,0,0
NY,1,0.0,1.5041,1.5808,3.1726,7,2,1400000,2,0,1,0,0,0,0,0,0,0,0,0,0,0,0,1,0,1,1,0,0,0,6.0,1,872763.5434199863,700000.0,1.1821728336682822,0,0
IL,0,0.0,0.6904,0.0,0.6904,6,2,650000,2,0,0,0,0,1,0,0,0,0,0,0,1,0,0,0,1,1,0,0,0,0,1.0,1,822368.4210526316,325000.0,2.5303643724696356,0,1
TX,0,0.4137,3.2438,0.4137,6.8,5,3,9700000,4,0,0,0,1,0,0,0,0,0,0,1,0,0,0,0,1,0,1,0,0,0,1.0,1,3310467.219548821,3233333.3333333335,0.6166843963430616,0,0
CA,1,3.1644,3.1644,2.0027,2.0027,6,1,15000000,1,1,0,0,0,0,1,0,0,0,0,0,0,0,0,0,0,0,0,0,0,1,3.0,1,150000000.0,15000000.0,10.0,0,0
CA,1,3.7753,10.2548,10.0301,11.0329,18,4,38764000,3,1,0,0,0,0,0,0,0,1,0,0,0,0,0,0,1,0,1,1,0,0,2.0,1,5891633.102819364,9691000.0,2.7203482045701834,0,0
CA,0,0.3288,6.4192,1.1671,4.989,6,8,211403000,2,1,0,0,0,0,0,0,0,0,0,0,0,0,0,1,1,0,1,1,1,0,2.7143,1,34150135.69397777,26425375.0,0.5099569086412198,0,0
CA,1,2.4767,2.6438,3.4164,5.2,8,2,20750000,3,1,0,0,0,0,0,0,0,1,0,0,0,0,0,0,0,0,1,1,0,0,2.0,1,77686259.82777986,10375000.0,1.592694839668719,0,0
CA,1,1.2493,1.8849,2.2521,3.2219,4,2,1020000,2,1,0,0,0,0,0,0,0,0,0,0,0,0,0,1,0,1,1,0,0,0,2.5,1,1386623.1647634585,510000.0,1.8695083193120203,0,0
TX,0,0.4301,0.4301,2.0027,2.0027,6,1,13000000,1,0,0,0,1,0,1,0,0,0,0,0,0,0,0,0,0,0,1,0,0,0,4.0,1,130000000.0,13000000.0,10.0,0,0
NY,1,0.1671,3.9178,0.0,2.9178,8,2,14700000,2,0,1,0,0,0,1,0,0,0,0,0,0,0,0,0,0,1,1,0,0,0,4.0,1,3817487.7295037266,7350000.0,0.6627344423089667,0,0
CA,1,1.1616,4.1644,3.0,8.9205,19,4,33000000,4,1,0,0,0,0,0,0,1,0,0,0,0,0,0,0,0,0,1,1,1,1,1.3333,1,10635554.982596366,8250000.0,0.6643966447969437,0,0
CA,1,5.4767,5.4767,0.0,0.0,5,1,30000000,0,1,0,0,0,0,0,0,0,0,0,0,0,0,0,1,0,0,0,0,1,0,6.0,1,300000000.0,30000000.0,0.0,0,0
TX,0,0.2384,3.7644,2.4192,3.8795,10,4,33000000,3,0,0,0,1,0,1,0,0,0,0,0,0,0,0,0,0,0,1,1,1,0,4.0,1,9100937.672366243,8250000.0,1.9227071716977502,0,0
DC,0,-0.5014,-0.5014,0.0,0.0,1,1,150000,0,0,0,0,0,1,0,0,0,0,0,0,0,0,0,1,0,1,0,0,0,0,1.0,0,1500000.0,150000.0,0.0,0,0
MA,0,0.1671,0.1671,0.5863,0.5863,3,1,20000,1,0,0,1,0,0,0,0,0,0,1,0,0,0,0,0,0,1,0,0,0,0,1.0,0,200000.0,20000.0,10.0,0,0
CA,0,3.7589,5.0685,0.0,0.0,2,3,30926154,0,1,0,0,0,0,0,0,0,0,0,0,0,0,0,1,0,0,0,1,0,0,3.0,1,21939666.57207718,10308718.0,0.0,0,0
CA,0,0.8164,0.8164,0.0,0.0,0,1,2000000,0,1,0,0,0,0,0,0,0,0,1,0,0,0,0,0,0,0,0,0,0,0,1.0,0,20000000.0,2000000.0,0.0,0,0
MA,0,4.5397,9.337,2.0027,2.0027,2,2,19000000,1,0,0,1,0,0,1,0,0,0,0,0,0,0,0,0,1,0,0,1,0,0,3.5,1,3879688.8081187597,9500000.0,10.0,0,0
CA,0,3.0356,6.7534,4.0027,4.0027,2,3,33000000,1,1,0,0,0,0,0,0,0,0,1,0,0,0,0,0,0,0,1,1,1,0,4.0,1,8643721.515008643,11000000.0,10.0,0,0
GA,1,4.3562,6.3151,4.0027,4.0027,1,3,15650000,1,0,0,0,0,1,0,0,0,0,0,0,0,0,0,1,1,0,0,0,0,0,1.3333,1,7601146.243139541,5216666.666666667,10.0,0,0
CA,1,6.3342,7.5342,7.1726,10.9315,8,3,17400000,3,1,0,0,0,0,0,1,0,0,0,0,0,0,0,0,0,0,1,1,0,0,2.3333,1,13384615.384615382,5800000.0,0.7774236181295188,0,1
CA,0,0.8329,0.8329,-0.1671,1.189,5,1,154000,2,1,0,0,0,0,0,0,0,0,0,0,0,0,0,1,0,1,0,0,0,0,1.0,0,1540000.0,154000.0,1.3735320376347777,0,0
CA,0,4.8082,4.8082,6.6027,6.7233,4,1,35000000,2,1,0,0,0,0,0,1,0,0,0,0,0,0,0,0,0,0,0,0,0,1,3.0,1,350000000.0,35000000.0,9.066183136899346,0,1
VA,0,0.5836,4.4301,1.2521,2.1452,5,4,7516703,3,0,0,0,0,1,0,0,1,0,0,0,0,0,0,0,1,1,0,0,0,0,1.0,0,1904650.449765615,1879175.75,3.0208438223743834,0,0
TX,0,2.6247,2.6247,2.874,4.3014,1,1,48000000,3,0,0,0,1,0,0,0,0,0,0,0,0,0,0,1,1,0,0,0,0,0,5.0,1,480000000.0,48000000.0,1.96412203744926,0,0
CA,1,5.4219,8.3014,8.0055,8.0055,6,3,65800000,1,1,0,0,0,0,0,0,0,0,0,0,0,0,0,1,1,0,0,0,0,1,4.6667,1,22084242.322537344,21933333.333333332,10.0,0,0
NJ,0,0.6767,0.789,0.0,0.0,2,2,125000,1,0,0,0,0,1,0,0,0,0,0,0,0,0,0,1,0,1,0,0,0,0,1.0,0,588789.4488930757,62500.0,10.0,0,0
VA,1,0.5808,0.5808,-0.5041,3.8301,5,1,750000,3,0,0,0,0,1,0,0,0,0,0,0,0,0,0,1,0,1,0,0,0,0,2.0,1,7500000.0,750000.0,0.6765594695773759,0,0
GA,1,2.4384,2.4384,2.3288,2.4384,10,1,17000000,2,0,0,0,0,1,0,0,0,1,0,0,0,0,0,0,1,0,0,0,0,0,5.0,1,170000000.0,17000000.0,9.541984732824432,0,0
CA,0,10.4247,13.0877,8.9808,12.7233,4,3,4087500,3,1,0,0,0,0,0,0,0,1,0,0,0,0,0,0,1,1,0,0,0,0,1.0,0,1479370.2497285558,1362500.0,0.7807417046193884,0,0
CA,0,10.8795,10.8795,15.4986,15.4986,3,1,1000000,1,1,0,0,0,0,0,0,0,0,0,0,0,0,0,1,0,0,1,0,0,0,2.0,1,10000000.0,1000000.0,10.0,0,0
TX,1,-0.1041,6.3644,5.4822,6.7699,13,5,23500000,3,0,0,0,1,0,0,0,0,0,0,0,0,0,0,1,1,0,1,1,1,0,1.75,1,3577681.3579964987,4700000.0,2.16185054406572,0,0
CA,0,0.0,0.0,0.0,0.0,2,1,990000,0,1,0,0,0,0,0,1,0,0,0,0,0,0,0,0,0,0,1,0,0,0,2.0,0,9900000.0,990000.0,0.0,0,1
AZ,1,0.7534,0.7534,3.1699,4.6247,13,1,1000000,2,0,0,0,0,1,0,0,0,0,1,0,0,0,0,0,0,0,1,0,0,0,3.0,1,10000000.0,1000000.0,1.2863390789812197,0,0
MA,1,0.6658,5.1315,2.7479,6.0027,15,4,41000000,2,0,0,1,0,0,0,0,0,0,0,0,0,0,0,1,1,0,1,1,1,0,1.75,1,8980003.06634251,10250000.0,0.5961607249314416,0,0
OR,0,0.3699,0.3699,0.0,0.0,3,1,7000000,0,0,0,0,0,1,0,0,0,0,0,0,0,0,0,1,0,0,1,0,0,0,1.0,1,70000000.0,7000000.0,0.0,0,0
MA,1,0.8301,2.0767,1.0027,1.0027,4,2,55000000,1,0,0,1,0,0,0,0,0,0,0,0,0,1,0,0,0,0,1,1,0,0,2.0,1,40843606.119114794,27500000.0,10.0,1,0
CA,1,3.7452,4.9671,4.6822,4.8384,10,2,69000000,2,1,0,0,0,0,1,0,0,0,0,0,0,0,0,0,0,0,1,1,0,0,3.5,1,52197594.37173764,34500000.0,7.806401249024197,0,0
CA,1,1.3288,7.0795,4.874,7.0055,25,8,129677153,3,1,0,0,0,0,0,0,0,1,0,0,0,0,0,0,1,0,1,1,1,1,3.0,1,22164382.552515086,16209644.125,1.3443871835088506,0,0
CA,1,2.5041,7.2521,0.0,0.0,4,6,232000100,0,1,0,0,0,0,0,0,0,0,0,0,0,1,0,0,0,0,1,0,1,1,3.6667,1,47854806.105610564,38666683.333333336,0.0,1,0
CA,1,0.0849,1.5863,2.1151,4.0,5,2,5700000,3,1,0,0,0,0,0,0,0,1,0,0,0,0,0,0,0,1,1,0,0,0,4.0,1,3559385.537654552,2850000.0,1.511411154214318,0,0
MA,1,5.6384,5.6384,4.2493,4.2493,3,1,10500000,1,0,0,1,0,0,0,0,0,0,0,0,0,0,0,1,0,0,0,0,0,1,4.0,1,105000000.0,10500000.0,10.0,0,0
NY,0,1.9699,3.9205,0.0,0.0,2,2,23000000,0,0,1,0,0,0,0,0,0,0,0,0,1,0,0,0,1,0,0,0,0,0,3.0,1,11216229.39627426,11500000.0,0.0,0,1
WA,1,5.4329,9.4959,0.0,0.0,13,3,14000000,0,0,0,0,0,1,0,0,0,0,0,0,0,0,0,1,0,0,1,1,0,0,3.0,1,3362959.4042757624,4666666.666666667,0.0,0,0
CA,1,1.6466,1.6466,0.0,0.0,4,2,7500000,0,1,0,0,0,0,1,0,0,0,0,0,0,0,0,0,0,1,1,0,0,0,2.0,1,75000000.0,3750000.0,0.0,0,0
NY,1,0.8986,0.8986,0.4137,1.6329,12,1,1420000,3,0,1,0,0,0,0,0,0,0,0,0,0,0,0,1,0,0,1,0,0,0,16.0,1,14200000.0,1420000.0,2.274105518496058,0,0
WA,0,0.1589,2.4274,-0.1699,2.2137,1,2,9000000,2,0,0,0,0,1,0,0,0,0,0,0,1,0,0,0,1,0,1,0,0,0,1.0,1,3799873.3375554145,4500000.0,0.8052826542116283,0,1
PA,0,0.7644,0.7644,0.0,0.0,3,1,500000,0,0,0,0,0,1,0,0,0,0,0,1,0,0,0,0,1,0,0,0,0,0,1.0,1,5000000.0,500000.0,0.0,0,0
CA,1,0.0356,0.726,0.474,0.9205,4,2,70000,2,1,0,0,0,0,0,0,0,0,0,0,0,0,0,1,0,1,0,0,0,0,1.0,1,88562.75303643725,35000.0,3.6596523330283626,0,0
CA,0,0.5808,1.6548,0.0,0.0,3,2,850000,0,1,0,0,0,0,0,0,0,0,0,0,1,0,0,0,0,1,1,0,0,0,1.0,1,724020.4429301532,425000.0,0.0,0,1
CA,1,3.8767,3.8767,3.0027,5.8329,9,1,15000000,2,1,0,0,0,0,0,0,0,1,0,0,0,0,0,0,1,0,0,0,0,0,1.0,1,150000000.0,15000000.0,0.682547266398198,0,0
CA,1,0.5205,1.0959,0.2521,2.0575,12,2,3150000,2,1,0,0,0,0,0,1,0,0,0,0,0,0,0,0,0,1,1,0,0,0,11.5,1,4663902.872371927,1575000.0,1.049648367796788,0,1
CA,0,1.2164,1.2164,1.4164,2.6822,6,1,5500000,2,1,0,0,0,0,0,0,0,0,0,0,1,0,0,0,0,0,1,0,0,0,8.0,1,55000000.0,5500000.0,1.464343242055938,0,1
CA,1,4.8877,4.8877,3.2877,3.2877,8,1,10571182,1,1,0,0,0,0,0,0,0,0,0,0,0,0,0,1,0,0,1,0,0,0,1.0,0,105711820.0,10571182.0,10.0,0,0
CA,0,0.5808,0.5808,0.0,0.0,13,1,500000,0,1,0,0,0,0,0,0,0,0,0,0,0,0,0,1,0,1,0,0,0,0,1.0,0,5000000.0,500000.0,0.0,0,0
CA,1,0.9233,4.7425,0.6712,7.7671,12,7,24900000,3,1,0,0,0,0,0,0,0,0,0,0,0,0,0,1,1,1,1,0,0,0,3.0,1,6353337.415799144,3557142.8571428573,0.4169040703734071,0,0
CA,0,1.7616,2.326,0.8767,3.0274,12,2,3529175,3,1,0,0,0,0,0,1,0,0,0,0,0,0,0,0,1,0,1,0,0,0,1.0,0,5311822.69717038,1764587.5,1.3329186475318788,0,1
NY,1,0.0,4.6164,3.2904,5.2685,15,4,23400000,3,0,1,0,0,0,0,0,0,0,0,0,0,0,0,1,0,0,1,1,1,0,2.25,1,4961411.245865491,5850000.0,1.4436263894903996,0,0
CA,1,7.4027,7.4027,7.4,11.874,15,1,8800000,3,1,0,0,0,0,0,0,0,0,0,0,0,0,0,1,0,0,0,0,0,1,5.0,1,88000000.0,8800000.0,0.6558810668998688,0,0
NY,0,0.0,0.0,0.3288,0.3288,2,1,1500000,1,0,1,0,0,0,0,0,0,0,0,0,0,0,0,1,0,0,0,0,0,0,6.0,1,15000000.0,1500000.0,10.0,0,0
CA,0,4.8603,9.4247,0.0,0.0,3,7,74000000,0,1,0,0,0,0,0,0,0,0,0,0,0,0,0,1,1,0,0,0,1,1,2.0,1,15864848.640768375,10571428.57142857,0.0,0,0
OR,1,1.4164,2.0,7.0055,11.4219,3,3,8800000,2,0,0,0,0,1,0,0,0,0,0,0,0,0,0,1,0,0,1,1,0,0,1.0,0,12873025.160912817,2933333.3333333335,0.4428305730227614,0,0
CA,1,2.5808,4.6082,0.5808,10.2219,3,2,7100000,3,1,0,0,0,0,0,1,0,0,0,0,0,0,0,0,0,1,1,0,0,0,1.5,1,3337407.163673968,3550000.0,0.3079734321585858,0,1
MA,1,1.3315,2.9973,2.1616,5.9616,8,3,3500000,6,0,0,1,0,0,0,0,0,0,0,0,1,0,0,0,1,1,1,0,0,0,1.6667,1,1982104.4285876087,1166666.6666666667,1.5384615384615385,0,1
CA,1,1.589,1.589,1.1863,2.5452,6,1,3000000,2,1,0,0,0,0,1,0,0,0,0,0,0,0,0,0,0,0,1,0,0,0,2.0,1,30000000.0,3000000.0,1.3708958804578792,0,0
NY,0,0.1288,0.274,0.3068,0.3068,5,2,11000,1,0,1,0,0,0,0,1,0,0,0,0,0,0,0,0,0,1,0,0,0,0,1.0,0,44861.33768352365,5500.0,10.0,0,1
CA,1,6.5452,8.6,5.0027,5.0027,4,3,26200000,1,1,0,0,0,0,0,0,0,0,0,0,0,0,0,1,1,0,0,0,1,0,2.5,1,12158901.058102844,8733333.333333334,10.0,0,0
CA,1,1.326,2.7096,4.3699,6.463,6,2,29000000,3,1,0,0,0,0,1,0,0,0,0,0,0,0,0,0,0,0,0,1,1,0,2.5,1,19547047.721757885,14500000.0,1.3679266791299987,0,0
CA,0,4.8438,4.8438,0.0,0.0,2,1,10000000,0,1,0,0,0,0,1,0,0,0,0,0,0,0,0,0,0,0,0,1,0,0,2.0,0,100000000.0,10000000.0,0.0,0,0
CA,0,0.8521,0.8521,0.0,2.9425,3,1,500000,3,1,0,0,0,0,0,1,0,0,0,0,0,0,0,0,0,1,0,0,0,0,3.0,1,5000000.0,500000.0,0.9860312243221035,0,1
CA,1,0.0849,1.8384,1.4164,2.337,3,3,11500000,3,1,0,0,0,0,0,0,0,1,0,0,0,0,0,0,0,1,1,1,0,0,1.5,1,6204478.014567035,3833333.3333333335,2.939447383891828,0,0
TX,1,1.1699,3.8932,2.3014,3.4301,8,5,5350000,3,0,0,0,1,0,0,0,0,1,0,0,0,0,0,0,0,1,1,0,0,0,3.0,1,1894945.6309991851,1070000.0,2.441604948319362,0,0
CA,0,0.6658,3.989,5.0849,7.3699,27,3,11015719,4,1,0,0,0,0,0,0,1,0,0,0,0,0,0,0,1,0,1,0,0,0,2.0,1,3217959.5115681235,3671906.3333333335,1.6771488469601676,0,0
CA,1,0.5288,1.0466,1.2959,3.3781,30,3,9807367,3,1,0,0,0,0,0,0,0,0,1,0,0,0,0,0,0,1,1,0,0,0,8.6667,1,15874663.321463259,3269122.3333333335,1.3747594171020072,0,0
CA,1,-0.4959,0.6301,0.589,3.011,8,2,2535000,2,1,0,0,0,0,0,1,0,0,0,0,0,0,0,0,0,1,1,0,0,0,5.0,1,2067699.836867863,1267500.0,0.7930214115781126,0,1
TX,1,5.4658,8.9534,8.8384,8.9534,4,3,19000000,2,0,0,0,1,0,0,0,0,1,0,0,0,0,0,0,1,0,0,1,1,0,5.3333,1,5296019.623146392,6333333.333333333,9.302325581395339,0,0
CA,1,0.0,2.7644,1.1616,1.1616,4,3,475000,1,1,0,0,0,0,0,0,0,0,0,0,0,0,0,1,0,1,0,0,0,0,4.0,0,165828.7948610529,158333.33333333334,10.0,0,0
NY,1,5.7671,7.863,9.2575,9.2575,16,2,36000000,1,0,1,0,0,0,0,0,0,0,0,1,0,0,0,0,1,0,0,1,0,0,1.0,1,16394189.170727262,18000000.0,10.0,0,0
CA,1,3.1671,3.1671,0.0,0.0,4,1,12000000,0,1,0,0,0,0,0,0,0,0,0,1,0,0,0,0,0,0,0,0,1,0,5.0,1,120000000.0,12000000.0,0.0,0,0
CA,1,0.4,3.7589,3.0,3.0,15,4,122000000,1,1,0,0,0,0,0,0,0,0,0,0,0,1,0,0,0,0,1,1,1,1,2.5,1,35271329.035242416,30500000.0,10.0,1,0
NY,1,0.0795,0.0795,0.5014,1.3781,8,1,1750000,2,0,1,0,0,0,0,0,0,0,0,0,0,0,0,1,0,0,0,0,0,0,5.0,1,17500000.0,1750000.0,2.0477116821951467,0,0
NY,1,0.5562,0.5562,-0.0247,1.9288,3,1,130000,2,0,1,0,0,0,0,1,0,0,0,0,0,0,0,0,0,1,0,0,0,0,1.0,0,1300000.0,130000.0,0.9739469198928657,0,1
OH,0,7.9178,10.9041,0.0,0.0,4,3,13222860,0,0,0,0,0,1,0,0,0,0,0,0,0,0,0,1,1,0,0,0,0,0,3.0,1,4284372.873667498,4407620.0,0.0,0,0
IN,0,4.1315,6.1507,5.5699,6.1096,10,2,2192000,3,0,0,0,0,1,0,0,0,0,0,0,0,0,0,1,1,0,0,1,0,0,3.0,0,1034352.5858814649,1096000.0,4.689698296076281,0,0
MA,1,5.1452,5.1452,2.0,2.0,4,1,2000000,1,0,0,1,0,0,0,1,0,0,0,0,0,0,0,0,1,0,0,0,0,0,1.0,1,20000000.0,2000000.0,10.0,0,1
CA,1,3.0219,4.9589,6.5836,6.6822,11,2,9400000,2,1,0,0,0,0,0,0,0,0,0,0,0,0,0,1,0,0,1,0,0,0,2.0,1,4614629.356897398,4700000.0,10.070493454179243,0,0
CA,1,5.3452,7.2274,0.0,0.0,2,4,13045000,0,1,0,0,0,0,0,0,0,0,0,0,0,0,0,1,0,0,1,1,0,0,2.0,1,6581071.53667642,3261250.0,0.0,0,0
CA,1,0.1753,4.0986,0.7342,5.0493,8,4,10000000,3,1,0,0,0,0,0,1,0,0,0,0,0,0,0,0,0,0,1,1,1,0,1.25,1,2485521.8353093234,2500000.0,0.6794863083508869,0,1
CA,1,1.4247,1.4247,1.0,1.0,7,1,6000000,1,1,0,0,0,0,0,0,0,0,1,0,0,0,0,0,0,0,0,1,0,0,2.0,1,60000000.0,6000000.0,10.0,0,0
PA,0,2.0,3.5562,4.5699,4.5699,3,2,2100000,1,0,0,0,0,1,0,0,1,0,0,0,0,0,0,0,1,1,0,0,0,0,2.0,0,1267962.806424345,1050000.0,10.0,0,0
WA,1,0.4192,0.8877,0.0849,1.863,3,2,3250000,3,0,0,0,0,1,0,0,0,0,0,0,0,0,0,1,1,0,1,0,0,0,1.0,1,5716798.592788039,1625000.0,1.597359033065332,0,0
CA,0,6.5726,7.1562,0.0,0.0,1,3,148000000,0,1,0,0,0,0,0,0,0,0,0,0,0,0,0,1,1,0,0,1,0,0,3.5,1,216500877.70626107,49333333.333333336,0.0,0,0
CA,1,3.9178,9.3014,10.7507,10.7507,10,2,24500000,1,1,0,0,0,0,0,0,0,0,0,0,0,0,0,1,1,0,1,0,0,0,2.0,1,4467867.82405719,12250000.0,10.0,0,0
UT,0,-0.0192,0.8959,1.063,1.063,4,2,72000,1,0,0,0,0,1,0,0,0,1,0,0,0,0,0,0,0,1,0,0,0,0,1.0,0,70928.97251502314,36000.0,10.0,0,0
CA,0,6.6027,6.6027,4.0027,4.0027,3,1,10360000,1,1,0,0,0,0,0,0,0,0,0,0,0,0,0,1,0,0,0,0,1,0,5.0,1,103600000.0,10360000.0,10.0,0,0
NY,1,0.0192,1.5699,2.4849,4.8712,12,3,1310000,2,0,1,0,0,0,1,0,0,0,0,0,0,0,0,0,0,1,0,0,0,0,6.0,1,793602.7140001211,436666.6666666667,0.8044081566987089,0,0
NY,0,-0.1151,-0.1151,0.0466,0.0466,1,1,150000,1,0,1,0,0,0,0,0,0,0,0,1,0,0,0,0,0,1,0,0,0,0,1.0,0,1500000.0,150000.0,10.0,0,0
CA,1,3.0877,9.3178,0.4959,9.5315,5,3,64000000,2,1,0,0,0,0,0,0,0,0,0,0,0,0,0,1,1,0,0,1,1,0,3.3333,1,10110424.795816813,21333333.333333332,0.21892377074302732,0,0
OH,0,0.0,0.0,0.0,0.0,2,1,250000,1,0,0,0,0,1,0,0,0,0,0,0,1,0,0,0,0,1,0,0,0,0,1.0,0,2500000.0,250000.0,10.0,0,1
CA,1,-0.2521,2.0877,1.4164,1.4164,6,3,1830000,1,1,0,0,0,0,0,0,0,0,0,0,0,0,0,1,0,1,1,0,0,0,2.0,0,750061.4804492171,610000.0,10.0,0,0
OR,1,0.4192,1.0247,0.7726,2.1699,10,2,9800000,4,0,0,0,0,1,0,0,0,1,0,0,0,0,0,0,0,0,1,1,0,0,4.5,1,13890857.547838414,4900000.0,2.6714753222467102,0,0
CA,1,1.8247,1.8247,3.8959,5.9068,15,1,2300000,3,1,0,0,0,0,0,1,0,0,0,0,0,0,0,0,0,0,1,0,0,0,1.0,0,23000000.0,2300000.0,1.421194751054053,0,1
WA,0,2.4192,3.0904,-0.1616,3.9699,3,2,1310000,4,0,0,0,0,1,0,1,0,0,0,0,0,0,0,0,0,1,0,0,0,0,1.0,0,1698651.4522821582,655000.0,0.9452912678719131,0,1
CA,0,0.0822,0.8384,0.0,4.1836,4,2,4500000,5,1,0,0,0,0,0,0,0,0,0,1,0,0,0,0,0,1,0,1,0,0,5.5,1,5255781.359495445,2250000.0,1.1672425063031096,0,0
CA,1,2.1616,5.7315,5.0027,5.0027,5,3,22000000,1,1,0,0,0,0,1,0,0,0,0,0,0,0,0,0,0,0,1,1,1,0,2.6667,1,5994713.7524183225,7333333.333333333,10.0,0,0
CA,1,0.6658,2.0795,3.0301,4.2877,23,3,10000000,3,1,0,0,0,0,0,0,0,0,1,0,0,0,0,0,0,1,1,1,0,0,2.6667,1,6606328.863050803,3333333.3333333335,2.2097819681791395,0,0
NY,1,0.8904,2.2521,2.6603,2.7534,21,4,36500000,3,0,1,0,0,0,0,0,0,0,0,0,1,0,0,0,0,0,1,1,1,0,1.5,1,24970924.266265307,9125000.0,15.535991714137737,0,1
CO,1,1.7507,9.9589,9.3425,10.4603,35,7,33672656,3,0,0,0,0,1,0,1,0,0,0,0,0,0,0,0,1,0,1,1,0,0,2.0,1,4052942.394261092,4810379.428571428,2.4634586960091953,0,1
CA,1,0.8603,2.926,3.0,3.0,4,3,19000000,1,1,0,0,0,0,0,0,0,1,0,0,0,0,0,0,0,0,1,1,0,0,2.0,1,8773144.941589324,6333333.333333333,10.0,0,0
CA,1,3.4685,3.4685,2.0,2.0,3,1,30000000,1,1,0,0,0,0,0,0,0,0,0,0,0,0,0,1,0,0,0,1,0,0,4.0,1,300000000.0,30000000.0,10.0,0,0
CA,1,1.5151,2.937,2.6384,3.8164,6,2,2250000,2,1,0,0,0,0,0,1,0,0,0,0,0,0,0,0,1,0,0,0,0,0,8.5,1,1478415.138971023,1125000.0,1.5649452269170578,0,1
CA,1,5.8658,9.9644,8.1699,8.1699,7,6,53818873,1,1,0,0,0,0,0,0,0,0,0,0,0,0,0,1,1,0,0,0,1,0,4.25,1,12818290.144333828,8969812.166666666,10.0,0,0
CA,0,2.6658,2.6658,0.0,0.0,6,1,5500000,0,1,0,0,0,0,0,1,0,0,0,0,0,0,0,0,0,0,1,0,0,0,1.0,1,55000000.0,5500000.0,0.0,0,1
WA,1,1.9973,1.9973,-0.0822,3.5205,3,1,6000000,2,0,0,0,0,1,0,0,0,0,0,0,0,0,0,1,0,0,1,0,0,0,1.0,1,60000000.0,6000000.0,0.5401463796688902,0,0
CA,0,1.4959,1.6658,0.0,7.5233,2,2,30150000,3,1,0,0,0,0,0,0,0,0,1,0,0,0,0,0,0,0,1,1,0,0,1.5,1,111708040.01482034,15075000.0,0.39353036086734094,0,0
CA,1,3.7863,5.5123,0.0,0.0,11,2,83000000,0,1,0,0,0,0,0,0,0,0,0,0,0,1,0,0,1,0,0,0,0,0,1.0,0,45454545.45454546,41500000.0,0.0,1,0
NY,0,1.0,2.7096,0.0,0.0,1,2,12000000,0,0,1,0,0,0,0,0,0,0,0,1,0,0,0,0,0,0,1,1,0,0,1.0,0,6631299.7347480105,6000000.0,0.0,0,0
CA,1,0.1644,1.4986,3.1644,5.5479,6,2,3500000,2,1,0,0,0,0,1,0,0,0,0,0,0,0,0,0,0,1,1,0,0,0,1.0,0,2440384.883558778,1750000.0,0.805315079524864,0,0
CA,1,1.4301,1.4301,2.3452,3.4575,5,1,4000000,3,1,0,0,0,0,1,0,0,0,0,0,0,0,0,0,0,0,1,0,0,0,4.0,1,40000000.0,4000000.0,2.4746349913387777,0,0
CA,0,2.4521,3.6027,0.0,0.0,9,2,4000000,0,1,0,0,0,0,0,0,0,0,0,0,0,0,0,1,0,0,1,0,0,0,1.0,1,3198464.736926276,2000000.0,0.0,0,0
CA,1,5.8274,7.7151,10.0082,10.0082,11,2,25000000,1,1,0,0,0,0,1,0,0,0,0,0,0,0,0,0,1,0,0,0,0,0,4.5,1,12577350.70684711,12500000.0,10.0,0,0
NY,1,0.8356,3.7616,0.9041,0.9041,5,3,1420698,1,0,1,0,0,0,0,0,1,0,0,0,0,0,0,0,1,1,0,0,0,0,2.0,1,469497.02577660274,473566.0,10.0,0,0
CA,1,1.6219,5.3315,-3.7507,-3.7507,5,2,10000000,1,1,0,0,0,0,0,0,0,0,0,0,0,0,0,1,1,0,1,0,0,0,3.0,1,2624947.501049979,5000000.0,10.0,0,0
CA,1,1.1644,4.7973,2.326,6.9041,18,3,67000000,5,1,0,0,0,0,0,0,0,0,0,0,0,0,0,1,0,0,1,1,1,0,2.6667,1,17948511.88084331,22333333.333333332,1.0688099869605183,0,0
CA,1,0.337,5.2301,4.1726,5.7205,13,4,53000000,3,1,0,0,0,0,0,0,0,0,0,0,0,0,0,1,0,1,1,1,1,0,4.5,1,10614648.21453606,13250000.0,1.8204988166757687,0,0
CA,0,0.4658,1.2247,0.0,1.2247,5,2,300000,2,1,0,0,0,0,0,0,0,0,0,1,0,0,0,0,0,1,0,1,0,0,2.0,1,349283.967865875,150000.0,1.5097757982939533,0,0
CA,1,5.6685,8.5014,6.7534,8.0932,4,3,1400000,2,1,0,0,0,0,1,0,0,0,0,0,0,0,0,0,0,1,0,0,0,0,1.0,0,477343.2438883016,466666.6666666667,1.3890818169190169,0,0
CA,1,2.9178,4.2548,2.0027,7.1699,4,2,6500000,3,1,0,0,0,0,0,1,0,0,0,0,0,0,0,0,0,0,1,0,0,0,7.0,1,4523312.45650661,3250000.0,0.5695625759416768,0,1
CA,1,1.2795,1.2795,2.7041,3.5836,8,1,5000000,3,1,0,0,0,0,0,0,0,0,0,0,0,0,0,1,0,0,1,0,0,0,1.0,1,50000000.0,5000000.0,3.062787136294027,0,0
WA,1,2.9342,5.5342,3.9178,6.1973,6,2,9600000,2,0,0,0,0,1,0,0,0,1,0,0,0,0,0,0,0,0,1,0,0,0,3.0,1,3555555.5555555555,4800000.0,0.8405127127547803,0,0
WA,1,0.2466,7.4164,3.9178,10.9233,9,5,58200000,3,0,0,0,0,1,0,0,1,0,0,0,0,0,0,0,0,0,1,1,1,1,1.4,1,8005722.303227049,11640000.0,0.42220814861726835,0,0
MA,1,0.9151,3.7479,0.5808,4.8822,14,3,28000000,2,0,0,1,0,0,0,0,0,0,0,0,0,0,0,1,0,0,1,1,1,0,2.6667,1,9547190.398254229,9333333.333333334,0.45440087244967514,0,0
TX,1,4.7479,5.2301,5.8548,7.7562,10,2,30000000,3,0,0,0,1,0,0,0,0,0,0,0,0,0,0,1,1,0,0,0,0,0,1.0,0,51528684.30092746,15000000.0,1.49895073448586,0,0
CA,1,1.0,2.1644,4.3644,5.3342,10,2,3500000,2,1,0,0,0,0,0,0,0,0,0,1,0,0,0,0,0,1,1,0,0,0,2.0,0,2768111.3571654535,1750000.0,1.8695083193120203,0,0
MA,0,0.0849,0.0849,-1.0,0.1342,7,1,16700000,2,0,0,1,0,0,0,1,0,0,0,0,0,0,0,0,0,0,1,0,0,0,4.0,0,167000000.0,16700000.0,1.6204829039053636,0,1
AZ,0,11.1452,11.1452,0.0,0.0,0,1,18000000,0,0,0,0,0,1,0,0,0,0,0,0,0,0,0,1,0,0,0,1,0,0,7.0,1,180000000.0,18000000.0,0.0,0,0
CA,1,7.537,7.537,7.0055,7.0055,6,1,15000000,1,1,0,0,0,0,0,0,0,0,0,0,0,0,0,1,0,0,0,0,0,1,6.0,1,150000000.0,15000000.0,10.0,0,0
CA,0,3.9178,3.9178,0.0,0.0,2,2,12000000,0,1,0,0,0,0,0,0,0,0,0,0,0,0,0,1,0,0,1,1,0,0,4.0,1,120000000.0,6000000.0,0.0,0,0
OH,0,1.2849,1.2849,0.0,0.0,1,1,15000,1,0,0,0,0,1,0,0,0,0,0,0,1,0,0,0,0,1,0,0,0,0,1.0,0,150000.0,15000.0,10.0,0,1
WA,1,1.3096,1.3096,1.3096,2.8822,11,1,200000,3,0,0,0,0,1,0,0,0,0,0,0,0,0,0,1,1,0,0,0,0,0,1.0,0,2000000.0,200000.0,1.7936147315556616,0,0
CA,0,4.0274,4.0274,0.0,0.0,0,1,15000000,0,1,0,0,0,0,0,0,0,0,0,0,0,0,0,1,0,0,0,0,1,0,1.0,0,150000000.0,15000000.0,0.0,0,0
CA,1,-0.0822,1.2301,0.3151,1.2986,4,2,1400000,2,1,0,0,0,0,0,0,0,1,0,0,0,0,0,0,0,1,0,0,0,0,3.0,0,991290.8022374848,700000.0,1.8458698661744344,0,0
NY,0,-0.8658,6.1233,5.0027,5.0027,5,4,11400000,1,0,1,0,0,0,0,0,0,1,0,0,0,0,0,0,1,0,0,1,0,0,3.0,1,1608102.5800172095,2850000.0,10.0,0,0
CA,1,0.7562,4.4137,2.7836,4.0027,14,4,34250000,2,1,0,0,0,0,0,0,0,0,0,0,0,0,0,1,1,0,1,1,1,0,2.25,1,9115103.127079174,8562500.0,1.516185277840952,0,0
TX,1,0.0,2.7205,1.0027,5.9479,4,4,3800000,4,0,0,0,1,0,0,0,0,0,0,0,0,0,0,1,0,1,1,0,0,0,4.75,1,1347278.8512675057,950000.0,0.7928327915642592,0,0
CA,1,4.4521,6.1151,6.5863,6.5863,3,2,10100000,1,1,0,0,0,0,1,0,0,0,0,0,0,0,0,0,1,0,0,0,1,0,3.0,1,5728871.242200793,5050000.0,10.0,0,0
CA,0,4.0795,4.0795,0.0,0.0,0,1,4000000,0,1,0,0,0,0,1,0,0,0,0,0,0,0,0,0,0,0,0,1,0,0,6.0,1,40000000.0,4000000.0,0.0,0,0
CA,1,1.9562,1.9562,1.9562,2.0027,11,1,3011408,3,1,0,0,0,0,1,0,0,0,0,0,0,0,0,0,0,0,0,1,0,0,1.0,1,30114080.0,3011408.0,20.477815699658706,0,0
CA,0,9.7315,9.7315,6.0027,6.0027,2,1,8000000,1,1,0,0,0,0,1,0,0,0,0,0,0,0,0,0,1,0,0,0,0,0,3.0,1,80000000.0,8000000.0,10.0,0,0
CA,1,0.0,2.8795,2.3397,2.3397,15,2,12700000,1,1,0,0,0,0,0,0,0,0,0,0,0,0,0,1,0,0,1,0,0,0,1.5,1,4262460.144319517,6350000.0,10.0,0,0
CA,0,0.0,0.0,0.3342,3.2219,5,1,300000,4,1,0,0,0,0,0,0,0,0,0,0,0,0,0,1,0,1,0,0,0,0,2.0,0,3000000.0,300000.0,1.3388225056063192,0,0
CA,1,0.0,0.0,-1.8027,-0.0959,21,1,5675000,2,1,0,0,0,0,0,1,0,0,0,0,0,0,0,0,1,0,0,0,0,0,4.0,1,56750000.0,5675000.0,1.1069293779056897,0,1
CA,1,4.0877,4.0877,4.6685,5.1863,13,1,1000000,2,1,0,0,0,0,0,0,0,0,1,0,0,0,0,0,0,1,0,0,0,0,5.0,1,10000000.0,1000000.0,3.2372936225315625,0,0
FL,0,0.0,0.0,0.0,0.0,2,1,125000,0,0,0,0,0,1,0,0,0,1,0,0,0,0,0,0,0,1,0,0,0,0,1.0,0,1250000.0,125000.0,0.0,0,0
CT,0,0.2247,0.9534,0.5808,1.0685,2,2,700000,2,0,0,0,0,1,0,1,0,0,0,0,0,0,0,0,0,1,0,0,0,0,2.5,0,844696.5126101122,350000.0,3.403096818104475,0,1
WA,1,0.2521,0.6438,1.2685,1.7479,6,2,532000,2,0,0,0,0,1,0,0,0,1,0,0,0,0,0,0,0,1,0,0,0,0,5.0,1,1081960.5450477933,266000.0,3.4518467380048325,0,0
CA,1,0.2137,2.2137,4.6301,5.5534,8,2,8500000,3,1,0,0,0,0,0,1,0,0,0,0,0,0,0,0,0,0,1,1,0,0,1.0,1,4047619.0476190485,4250000.0,2.9316915860451473,0,1
WA,1,3.5699,3.5699,5.8795,9.3808,2,1,9400000,3,0,0,0,0,1,0,0,0,0,0,0,0,0,0,1,0,0,0,1,0,0,1.0,1,94000000.0,9400000.0,0.8330325160358758,0,0
RI,0,-1.0,2.2493,1.7479,1.7479,3,2,350000,1,0,0,0,0,1,0,0,1,0,0,0,0,0,0,0,0,1,0,0,0,0,1.0,1,104499.44764577673,175000.0,10.0,0,0
NY,1,1.1671,3.211,0.7534,2.811,16,2,12300000,3,0,1,0,0,0,0,0,0,1,0,0,0,0,0,0,0,0,0,1,1,0,1.5,1,5737207.892159149,6150000.0,1.3904338153503892,0,0
MA,1,1.5753,5.9589,4.4164,4.4164,6,5,25413298,1,0,0,1,0,0,0,0,0,0,0,0,0,0,0,1,1,0,1,1,0,0,3.0,1,5668056.472477474,5082659.6,10.0,0,0
CA,1,0.4329,1.126,2.6904,3.5397,23,2,9800000,2,1,0,0,0,0,0,0,0,0,0,0,0,0,0,1,0,1,1,0,0,0,4.5,1,12356575.463371582,4900000.0,2.1068155482987465,0,0
CA,0,-0.3288,0.337,0.4082,0.8712,5,2,1015000,2,1,0,0,0,0,0,0,0,0,0,1,0,0,0,0,0,1,0,0,0,0,5.0,1,1325411.3345521025,507500.0,3.5523978685612794,0,0
CO,1,0.0,3.4712,0.0,1.9123,4,5,10000003,2,0,0,0,0,1,0,0,0,1,0,0,0,0,0,0,1,0,1,1,0,0,1.5,1,2800180.0515232976,2000000.6,0.9938875913134223,0,0
IL,1,0.7699,2.8548,-0.4329,2.8521,3,2,1750000,2,0,0,0,0,1,0,0,0,0,0,0,0,0,0,1,1,1,0,0,0,0,1.0,1,800951.988649366,875000.0,0.5908419497784342,0,0
CA,1,0.9397,0.9397,1.4959,3.8164,4,1,100000,2,1,0,0,0,0,0,0,0,0,0,0,0,0,0,1,0,1,0,0,0,0,3.0,1,1000000.0,100000.0,0.8262755629002272,0,0
CA,1,1.926,1.926,1.6685,2.4658,1,1,12000000,2,1,0,0,0,0,1,0,0,0,0,0,0,0,0,0,1,0,0,0,0,0,2.0,1,120000000.0,12000000.0,2.2289089490694303,0,0
NY,1,0.3178,0.6795,0.7945,2.8521,16,2,11450000,3,0,1,0,0,0,0,0,0,0,0,0,0,0,0,1,0,1,0,1,0,0,8.5,1,24799653.454624213,5725000.0,1.3904338153503892,0,0
CA,0,0.6685,0.6685,-0.9151,0.863,7,1,50000,2,1,0,0,0,0,0,0,0,0,1,0,0,0,0,0,0,1,0,0,0,0,3.0,0,500000.0,50000.0,1.0649060220435547,0,0
CA,0,2.5808,2.5808,3.0027,4.6082,4,1,20000000,2,1,0,0,0,0,1,0,0,0,0,0,0,0,0,0,0,0,0,1,0,0,4.0,1,200000000.0,20000000.0,1.172676634418059,0,0
TX,1,2.9671,3.7151,6.9671,8.3342,16,2,42500000,3,0,0,0,1,0,0,0,0,0,0,0,0,0,0,1,0,0,0,0,1,1,5.5,1,50117924.52830187,21250000.0,2.0448503851134907,0,0
CA,1,0.0,2.3479,0.0,5.1616,7,3,22487000,2,1,0,0,0,0,0,0,0,0,0,0,0,0,0,1,1,0,0,1,1,0,2.3333,1,9186241.268025653,7495666.666666667,0.38011251330393797,0,0
CA,1,2.5342,2.5342,-1.2521,4.0493,3,1,7800000,2,1,0,0,0,0,1,0,0,0,0,0,0,0,0,0,1,0,0,0,0,0,2.0,1,78000000.0,7800000.0,0.37027437331062324,0,0
NJ,1,3.9726,10.2493,3.0,3.0,8,4,59000000,1,0,0,0,0,1,0,0,0,0,0,0,0,0,0,1,0,0,0,1,1,0,6.0,1,9252434.644879013,14750000.0,10.0,0,0
ID,0,2.337,2.337,0.5808,2.3726,5,1,4000000,4,0,0,0,0,1,0,0,1,0,0,0,0,0,0,0,0,0,1,0,0,0,1.0,1,40000000.0,4000000.0,2.114388413151496,0,0
CA,1,1.5452,4.5178,1.663,4.9178,6,4,71400000,3,1,0,0,0,0,0,0,0,0,0,0,0,0,0,1,1,0,1,0,0,0,2.6667,1,23237648.89669986,17850000.0,0.8942410873971623,0,0
CA,1,0.7918,4.3205,3.9753,3.9753,5,3,25500000,1,1,0,0,0,0,0,0,0,0,0,0,0,0,0,1,0,0,1,1,0,0,2.6667,1,7027310.0559429,8500000.0,10.0,0,0
CA,1,5.8603,7.6986,5.8603,7.6712,28,4,28932322,3,1,0,0,0,0,0,0,0,0,1,0,0,0,0,0,1,0,0,0,1,0,2.6667,1,14926648.093690345,7233080.5,1.5699408655607303,0,0
CA,1,0.9616,5.7151,6.0438,6.8849,18,6,35200000,3,1,0,0,0,0,0,0,0,0,0,0,0,0,0,1,1,0,1,1,1,0,2.3333,1,7252498.197177296,5866666.666666667,3.1877590054191907,0,0
MA,0,5.2027,8.1178,8.0055,8.0055,2,2,10000000,1,0,0,1,0,0,0,0,0,0,0,0,0,0,0,1,1,0,0,0,1,0,2.5,1,3316639.580776756,5000000.0,10.0,0,0
CA,1,0.7178,3.7068,0.537,3.6274,11,3,22100000,4,1,0,0,0,0,0,0,0,0,0,0,0,0,0,1,1,0,1,1,0,0,2.6667,1,7154418.905794756,7366666.666666667,1.2537612838515546,0,0
MA,1,3.0521,9.4767,1.0,1.0,4,5,33000000,1,0,0,1,0,0,0,0,1,0,0,0,0,0,0,0,1,0,0,1,1,1,2.0,1,5057781.319927659,6600000.0,10.0,0,0
CA,1,6.2986,6.2986,6.0027,6.0027,9,1,15000000,1,1,0,0,0,0,0,0,0,0,0,0,0,1,0,0,0,0,0,0,0,0,3.0,1,150000000.0,15000000.0,10.0,1,0
CA,1,6.937,9.1589,6.0055,6.0055,6,3,13000000,1,1,0,0,0,0,0,0,1,0,0,0,0,0,0,0,0,0,0,0,0,1,3.0,1,5598863.000129207,4333333.333333333,10.0,0,0
CA,1,1.9671,3.1945,2.2493,2.2493,5,2,12800000,1,1,0,0,0,0,0,0,1,0,0,0,0,0,0,0,0,0,1,1,0,0,2.5,1,9642910.95374416,6400000.0,10.0,0,0
NY,0,0.1671,3.7808,3.8356,6.1178,6,2,626096,3,0,1,0,0,0,0,0,1,0,0,0,0,0,0,0,1,0,1,0,0,0,1.0,1,168590.89317930903,313048.0,1.2593401057845688,0,0
MA,1,-0.1671,3.6493,4.1507,4.6849,12,4,20350000,3,0,0,1,0,0,0,0,0,0,0,0,0,0,0,1,0,1,1,1,0,0,3.75,1,5196098.457767337,5087500.0,4.730368968779564,0,0
CA,0,5.7836,5.7836,2.0027,2.0027,1,1,10000000,1,1,0,0,0,0,0,0,0,0,0,0,0,0,0,1,1,0,0,0,0,0,3.0,1,100000000.0,10000000.0,10.0,0,0
CA,1,0.5671,0.5671,0.5671,2.3534,5,1,425000,3,1,0,0,0,0,0,1,0,0,0,0,0,0,0,0,0,1,0,0,0,0,2.0,1,4250000.0,425000.0,1.5904150983406666,0,1
CA,1,5.3644,7.9781,5.2521,5.2521,5,3,37891054,1,1,0,0,0,0,0,0,0,0,0,0,0,0,0,1,1,0,0,1,1,0,3.0,1,13962875.04145631,12630351.333333334,10.0,0,0
CA,1,1.0877,7.7616,6.8849,6.8849,9,5,40000000,1,1,0,0,0,0,0,0,1,0,0,0,0,0,0,0,1,0,1,1,1,0,4.0,1,5905017.78886609,8000000.0,10.0,0,0
CA,1,0.7014,2.126,2.4027,4.0548,10,3,5550000,4,1,0,0,0,0,0,0,0,0,0,1,0,0,0,0,0,0,1,1,0,0,3.0,1,3640299.0948445494,1850000.0,2.282974716055019,0,0
CA,1,0.5808,0.5808,0.0,2.1315,3,1,770000,3,1,0,0,0,0,0,0,1,0,0,0,0,0,0,0,0,1,0,0,0,0,6.0,1,7700000.0,770000.0,1.3443871835088506,0,0
TX,0,0.1068,4.7342,0.0,0.0,0,4,19550000,0,0,0,0,1,0,0,0,0,0,0,0,0,0,1,0,1,0,1,0,0,0,1.0,1,4135465.583618902,4887500.0,0.0,0,0
CA,1,1.4795,2.2521,2.2521,2.2521,6,2,4000000,1,1,0,0,0,0,0,1,0,0,0,0,0,0,0,0,1,0,0,0,0,0,1.0,0,4584001.833600733,2000000.0,10.0,0,1
VA,1,1.0849,5.8192,6.3507,9.4411,14,4,42000000,4,0,0,0,0,1,0,1,0,0,0,0,0,0,0,0,0,0,1,1,1,0,2.3333,1,8687917.588896014,10500000.0,1.2537612838515544,0,1
CO,0,3.6548,3.6548,0.0,0.0,0,1,1900000,0,0,0,0,0,1,0,0,0,0,0,0,0,0,0,1,0,0,1,0,0,0,1.0,1,19000000.0,1900000.0,0.0,0,0
CA,1,1.1781,2.7151,2.5178,3.6685,21,3,45039999,3,1,0,0,0,0,0,0,0,0,0,1,0,0,0,0,0,0,1,1,1,0,3.6667,1,27513744.043982893,15013333.0,2.3986567522187574,0,0
CA,0,4.5315,4.5315,5.5288,5.5288,1,1,1310000,1,1,0,0,0,0,0,0,0,0,0,0,0,0,0,1,1,0,0,0,0,0,4.0,1,13100000.0,1310000.0,10.0,0,0
OR,1,7.0027,7.0027,7.6712,7.6712,3,1,3000000,1,0,0,0,0,1,0,0,0,0,0,0,0,0,0,1,0,0,1,0,0,0,3.0,0,30000000.0,3000000.0,10.0,0,0
CA,1,0.0,3.4548,2.0247,3.9753,9,4,36000000,3,1,0,0,0,0,1,0,0,0,0,0,0,0,0,0,0,0,1,1,1,1,3.0,1,10127152.019804208,9000000.0,1.4629864429922952,0,0
CA,1,0.1644,0.1644,1.4822,1.4822,3,1,3000000,1,1,0,0,0,0,1,0,0,0,0,0,0,0,0,0,1,0,0,0,0,0,1.0,0,30000000.0,3000000.0,10.0,0,0
CA,0,0.6685,0.6685,0.7973,5.2849,1,1,1300000,3,1,0,0,0,0,0,1,0,0,0,0,0,0,0,0,0,1,0,0,0,0,8.0,1,13000000.0,1300000.0,0.6539366989275438,0,1
AR,0,9.7534,9.7534,9.7534,9.7534,1,1,50000,1,0,0,0,0,1,1,0,0,0,0,0,0,0,0,0,1,0,0,0,0,0,1.0,0,500000.0,50000.0,10.0,0,0
NY,1,6.2849,6.2849,5.7507,7.3068,15,1,6500000,3,0,1,0,0,0,0,1,0,0,0,0,0,0,0,0,0,0,1,0,0,0,8.0,1,65000000.0,6500000.0,1.8114848137189785,0,1
MA,1,0.6822,1.3096,0.3288,2.5945,5,2,4600000,2,0,0,1,0,0,0,0,0,0,1,0,0,0,0,0,0,1,1,0,0,0,9.0,1,6323893.318669233,2300000.0,0.8454157331867946,0,0
MA,1,2.1233,6.0192,2.0,6.5123,5,3,21900000,2,0,0,1,0,0,1,0,0,0,0,0,0,0,0,0,1,0,1,1,0,0,1.6667,1,5480617.633073901,7300000.0,0.43362313813065073,0,0
NY,1,0.4904,0.4904,1.1808,1.1808,6,1,240000,1,0,1,0,0,0,0,0,0,0,0,1,0,0,0,0,0,1,0,0,0,0,2.0,1,2400000.0,240000.0,10.0,0,0
CA,1,0.0,5.3014,5.0027,5.0027,17,4,34700000,1,1,0,0,0,0,1,0,0,0,0,0,0,0,0,0,1,0,1,1,0,0,2.25,1,6424260.376939313,8675000.0,10.0,0,0
IL,1,1.2274,5.8712,3.6466,6.6959,4,4,33000000,2,0,0,0,0,1,1,0,0,0,0,0,0,0,0,0,1,0,1,1,1,0,5.3333,1,6956448.416880982,8250000.0,0.6350617597561362,0,0
NY,0,1.3014,2.4685,0.0,2.4685,3,2,1800000,2,0,1,0,0,0,0,0,0,0,0,0,0,0,0,1,1,1,0,0,0,0,5.0,1,1420566.6482519135,900000.0,0.7786645902277594,0,0
CO,1,0.0,3.6548,3.1507,5.3123,14,3,27300000,4,0,0,0,0,1,0,0,0,0,1,0,0,0,0,0,0,0,1,1,1,0,3.0,1,7270693.512304251,9100000.0,1.7686593562079946,0,0
CA,0,3.1342,5.2521,3.1342,3.5425,6,2,6760000,2,1,0,0,0,0,0,1,0,0,0,0,0,0,0,0,1,0,0,0,0,0,1.5,1,3047928.220388655,3380000.0,3.9346842415896117,0,1
CA,1,0.0,6.4986,0.337,10.0082,24,3,26914000,3,1,0,0,0,0,1,0,0,0,0,0,0,0,0,0,0,0,1,1,1,0,6.0,1,4078743.9759949083,8971333.333333334,0.30702472572457834,0,0
CA,1,3.7562,3.7562,0.0,0.0,1,1,27500000,0,1,0,0,0,0,0,0,0,0,0,0,0,0,0,1,0,0,0,0,1,0,7.0,1,275000000.0,27500000.0,0.0,0,0
TX,0,4.2795,4.2795,0.0,0.0,4,1,9000000,0,0,0,0,1,0,0,0,0,0,0,0,0,0,0,1,0,0,0,0,0,1,2.0,1,90000000.0,9000000.0,0.0,0,0
CA,0,4.0356,4.0356,-7.0055,-7.0055,3,1,954000,1,1,0,0,0,0,0,0,0,0,0,0,0,0,0,1,1,0,0,0,0,0,1.0,0,9540000.0,954000.0,10.0,0,0
CA,1,5.3041,8.6247,0.0,0.0,4,3,53000000,0,1,0,0,0,0,0,0,0,0,0,0,0,0,0,1,0,0,0,0,1,1,4.6667,1,15494357.715020753,17666666.666666668,0.0,0,0
CA,1,2.3315,6.6767,6.9589,8.9342,17,4,23100000,3,1,0,0,0,0,0,0,0,0,0,0,0,0,0,1,1,0,1,1,1,0,2.0,1,5196616.575182219,5775000.0,1.4455741338601642,0,0
CA,1,1.0,6.4548,6.5342,7.0055,28,4,108900000,2,1,0,0,0,0,0,0,0,0,0,0,0,0,0,1,0,0,1,1,1,0,7.5,1,19604666.23460791,27225000.0,3.5007876772273803,0,0
CA,1,0.8329,3.937,3.4822,7.6658,26,4,55000000,5,1,0,0,0,0,0,1,0,0,0,0,0,0,0,0,0,0,1,1,1,1,2.75,1,17165506.694547612,13750000.0,1.1672425063031096,0,1
NY,1,1.0822,2.8548,1.611,4.5096,9,2,5686383,3,0,1,0,0,0,0,0,1,0,0,0,0,0,0,0,0,0,1,0,0,0,2.0,0,3036624.479333547,2843191.5,1.0004668845461215,0,0
CA,0,4.4466,8.0849,6.5863,6.5863,4,6,49008830,1,1,0,0,0,0,0,0,0,0,0,0,0,1,0,0,1,0,1,0,1,0,3.0,1,13109924.297140414,8168138.333333333,10.0,1,0
CA,1,1.6055,3.5479,0.0,0.0,10,3,32200000,0,1,0,0,0,0,0,0,1,0,0,0,0,0,0,0,0,0,1,1,1,0,4.0,1,15765765.765765768,10733333.333333334,0.0,0,0
TX,0,1.2904,1.2904,7.1233,7.1233,3,1,2000000,1,0,0,0,1,0,0,1,0,0,0,0,0,0,0,0,0,0,1,0,0,0,1.0,0,20000000.0,2000000.0,10.0,0,1
NY,1,3.2137,3.2137,3.0027,4.6219,5,1,2700000,2,0,1,0,0,0,0,0,0,0,0,1,0,0,0,0,0,0,1,0,0,0,2.0,1,27000000.0,2700000.0,1.1633317822242901,0,0
WI,0,5.1315,5.1315,3.1616,8.5123,6,1,2000000,2,0,0,0,0,1,0,0,0,0,1,0,0,0,0,0,0,0,1,0,0,0,2.0,0,20000000.0,2000000.0,0.3669253490377383,0,0
NY,1,0.0,3.9288,2.9151,5.7342,16,3,18000000,3,0,1,0,0,0,0,0,0,0,1,0,0,0,0,0,1,0,1,1,0,0,2.3333,1,4467831.612390787,6000000.0,1.0277140214449656,0,0
WA,1,5.6301,8.7589,8.5041,8.7589,9,5,122500000,2,0,0,0,0,1,0,0,1,0,0,0,0,0,0,0,1,0,0,0,1,1,5.6,1,37939791.87314171,24500000.0,5.6369785794813785,0,0
CA,1,0.5178,0.5178,0.5808,4.526,9,1,1100000,2,1,0,0,0,0,0,0,0,0,1,0,0,0,0,0,0,0,1,0,0,0,6.0,1,11000000.0,1100000.0,0.4944131316127757,0,0
MA,0,7.2521,9.2274,6.0027,6.0027,1,3,52000000,1,0,0,1,0,0,0,0,0,0,0,0,0,0,0,1,1,0,0,1,0,0,2.6667,1,25056618.320242867,17333333.333333332,10.0,0,0
CA,0,8.4959,8.4959,9.0055,9.0055,5,1,44000000,1,1,0,0,0,0,0,0,0,0,0,0,0,1,0,0,0,0,0,0,0,1,8.0,1,440000000.0,44000000.0,10.0,1,0
CA,1,0.7589,2.8329,0.7589,3.8356,12,2,15500000,2,1,0,0,0,0,1,0,0,0,0,0,0,0,0,0,0,0,1,1,0,0,1.0,1,7129714.811407544,7750000.0,0.6295841596625429,0,0
CA,1,3.1205,3.1205,4.0027,4.0027,4,1,20000000,1,1,0,0,0,0,0,0,0,0,0,0,0,0,0,1,0,0,0,1,0,0,3.0,1,200000000.0,20000000.0,10.0,0,0
